experiment,env,seed,budget,model,return_mean,return_se,terminal_error_mean,terminal_error_se,exploitation_gap_mean,imagined_energy_drift_mean,divergence_rate,rollout_rmse,max_energy_drift
ablation,coupled_oscillator_stabilization,0,512,DenseLinearNext,-43.795751651504425,7.956884700234183,0.1985937072498122,0.07473447432604491,5.265652732511228e-06,1.9703401395017839,0.0,1.743796476795428e-06,0.0008822924885265997
ablation,coupled_oscillator_stabilization,0,512,DirectGraphNext,-43.95498091741329,7.973444532020606,0.20236790688053785,0.07407964365478266,0.0006849266464842666,1.9706855454419285,0.0,0.00022365531026272037,0.0008868022859559045
ablation,coupled_oscillator_stabilization,0,512,SympNoGraph,-44.461301542537505,8.118387007053887,0.22886501655926197,0.08296247268802277,0.75772784186035,2.1264729205989035,0.0,0.6729381031352006,0.15638890380892057
ablation,coupled_oscillator_stabilization,0,512,GraphEuler,-43.95498091741329,7.973444532020606,0.20236790688053785,0.07407964365478266,0.0006845348885734145,1.9706853086146203,0.0,0.00022364292706265792,0.0008866292693171487
ablation,coupled_oscillator_stabilization,0,512,SG-Ham+Symp,-43.795751651504425,7.956884700234183,0.1985937072498122,0.07473447432604491,-3.30913518808984e-09,1.9703354836332092,0.0,3.950058456172575e-09,0.0008801111765125173
ablation,spring_chain_target,0,512,DenseLinearNext,-11.193910410459281,1.5075216950691825,0.01152439389487537,0.0038748772081731437,1.5137781589717274e-06,0.4978126501175832,0.0,6.756306071708244e-06,0.0011199292926683622
ablation,spring_chain_target,0,512,DirectGraphNext,-11.196085653447271,1.5077949933021582,0.01176067113679654,0.003957490322695333,-4.628943833277314e-05,0.4977982454047601,0.0,0.00014637287621249194,0.0011219793261253892
ablation,spring_chain_target,0,512,SympNoGraph,-11.204318060455508,1.5373323022670118,0.012298390363260393,0.003667163092363579,-0.020145047375587904,0.5497238528590986,0.0,0.4404426178565024,0.17022633449257307
ablation,spring_chain_target,0,512,GraphEuler,-11.196085653447271,1.5077949933021582,0.01176067113679654,0.003957490322695333,-4.63858051317582e-05,0.49779871177308305,0.0,0.00014627570065102363,0.0011209085725513326
ablation,spring_chain_target,0,512,SG-Ham+Symp,-11.193910410459281,1.5075216950691825,0.01152439389487537,0.0038748772081731437,-1.575613121455414e-09,0.4978169342261172,0.0,5.169886873752877e-09,0.0011072795173097199
ablation,coupled_oscillator_stabilization,1,512,DenseLinearNext,-31.794696912825113,5.006172910864644,0.1170733571267249,0.01536507310162435,4.048857137413838e-06,1.7227423414490222,0.0,1.7394791459959615e-06,0.0007759617437735586
ablation,coupled_oscillator_stabilization,1,512,DirectGraphNext,-32.01273989054614,4.99898451222062,0.12053150420242757,0.014439092757003657,0.0003886696837622772,1.6229087590307252,0.0,0.00023372913176534683,0.0007262516685908243
ablation,coupled_oscillator_stabilization,1,512,SympNoGraph,-32.18622297098016,4.894888362550865,0.13430741189434892,0.015166103941477422,0.5353315782217317,1.797609039368706,0.0,0.7026332665190751,0.17038576425780091
ablation,coupled_oscillator_stabilization,1,512,GraphEuler,-32.01273989054614,4.99898451222062,0.12053150420242757,0.014439092757003657,0.00038830784950697844,1.6229084994544996,0.0,0.00023372522587911267,0.0007260472041512303
ablation,coupled_oscillator_stabilization,1,512,SG-Ham+Symp,-31.794696912825113,5.006172910864644,0.1170733571267249,0.01536507310162435,-2.4098609034221377e-09,1.7227385240106665,0.0,4.619223070048469e-09,0.0007731131726755201
ablation,spring_chain_target,1,512,DenseLinearNext,-12.722126380914084,1.3815059044877172,0.006230450191035784,0.002651555803921238,1.841548039838159e-06,0.4160425363694766,0.0,6.556417544600133e-06,0.0010479611227791025
ablation,spring_chain_target,1,512,DirectGraphNext,-12.722126380914084,1.3815059044877172,0.006230450191035784,0.002651555803921238,-0.000137925532548581,0.4158768236717054,0.0,0.00015971862346848015,0.0009803706331587521
ablation,spring_chain_target,1,512,SympNoGraph,-12.69164608768044,1.4355469150021203,0.007992685407805532,0.0033195624494065375,0.06449866161735847,0.42094558427887724,0.0,0.45584955625714735,0.16992223367290576
ablation,spring_chain_target,1,512,GraphEuler,-12.722126380914084,1.3815059044877172,0.006230450191035784,0.002651555803921238,-0.00013818166721642675,0.41587720216905394,0.0,0.00015964007556445973,0.0009797409164318846
ablation,spring_chain_target,1,512,SG-Ham+Symp,-12.722126380914084,1.3815059044877172,0.006230450191035784,0.002651555803921238,-2.4202466697431646e-09,0.41604576071524124,0.0,5.947209944009261e-09,0.0010350006408737745
ablation,coupled_oscillator_stabilization,2,512,DenseLinearNext,-50.86307599670737,7.394017564315437,0.19967409344074052,0.042077556090664624,4.7664878473815025e-06,1.6514769858200309,0.0,1.7510052739757534e-06,0.0008644886647111823
ablation,coupled_oscillator_stabilization,2,512,DirectGraphNext,-50.8780033822619,7.394444022724493,0.20001304977169113,0.04199355541053875,0.00021468761477668372,1.6516230979149855,0.0,0.00022655055741634114,0.000856060252964942
ablation,coupled_oscillator_stabilization,2,512,SympNoGraph,-51.216392287794406,7.474994057126902,0.24148479425424582,0.049671668752243395,0.41065237705514956,1.5698158980302788,0.0,0.6727849244033293,0.11529197119823012
ablation,coupled_oscillator_stabilization,2,512,GraphEuler,-50.8780033822619,7.394444022724493,0.20001304977169113,0.04199355541053875,0.00021419630746362847,1.6516227619167718,0.0,0.00022652626493772942,0.0008559102507834507
ablation,coupled_oscillator_stabilization,2,512,SG-Ham+Symp,-50.86307599670737,7.394017564315437,0.19967409344074052,0.042077556090664624,-8.221047546423202e-10,1.6514720157903549,0.0,3.752305822078777e-09,0.0008623173129165983
ablation,spring_chain_target,2,512,DenseLinearNext,-14.58414471890007,2.9786190259108554,0.02950695478769108,0.009989913466922419,2.3105336581045557e-06,0.41879423045884473,0.0,6.81842202460554e-06,0.0011394594344786096
ablation,spring_chain_target,2,512,DirectGraphNext,-14.577529586544605,2.9824288945769104,0.02965093884056214,0.011146834695115114,-0.00010080436700410367,0.4187323101276361,0.0,0.0001523305354273567,0.0011100247430727375
ablation,spring_chain_target,2,512,SympNoGraph,-14.602790391350297,2.975725131543035,0.029139369912684066,0.009391062699245873,0.007047248708112945,0.38574809691738204,0.0,0.43489103513883604,0.11902217812824514
ablation,spring_chain_target,2,512,GraphEuler,-14.577529586544605,2.9824288945769104,0.02965093884056214,0.011146834695115114,-0.00010105487927651129,0.41873263565305435,0.0,0.00015214940989859567,0.0011096265045418456
ablation,spring_chain_target,2,512,SG-Ham+Symp,-14.58414471890007,2.9786190259108554,0.02950695478769108,0.009989913466922419,-2.3668125237463755e-09,0.4187987157500197,0.0,4.74073028247553e-09,0.001132484757165856
ablation,coupled_oscillator_stabilization,3,512,DenseLinearNext,-33.02793206916081,8.722793225998366,0.17887623802494088,0.069155078767486,3.2062753789752207e-06,1.3966892105391915,0.0,1.7488518801433318e-06,0.0008507960803686967
ablation,coupled_oscillator_stabilization,3,512,DirectGraphNext,-32.959243486701844,8.655682622856352,0.17676598420183773,0.06784176566650418,0.0003597568314943622,1.3968727109585108,0.0,0.00022261924146235092,0.0008387026725318431
ablation,coupled_oscillator_stabilization,3,512,SympNoGraph,-33.14538648056194,8.393135990531585,0.1937154185561587,0.05610870479392577,0.05591633921592587,1.2912798959876801,0.0,0.6760441361337801,0.12228913046879994
ablation,coupled_oscillator_stabilization,3,512,GraphEuler,-32.959243486701844,8.655682622856352,0.17676598420183773,0.06784176566650418,0.00035938731155867504,1.3968724294013046,0.0,0.0002225763389353424,0.0008386114646885791
ablation,coupled_oscillator_stabilization,3,512,SG-Ham+Symp,-33.02793206916081,8.722793225998366,0.17887623802494088,0.069155078767486,-1.443169287777361e-09,1.3966860926023255,0.0,3.8695560213482114e-09,0.0008493318554450228
ablation,spring_chain_target,3,512,DenseLinearNext,-8.602244216052386,2.8558048439337345,0.011212039997869842,0.009952242336760633,1.324594671577491e-06,0.35625711354569384,0.0,6.5586074462051415e-06,0.0011056867906664028
ablation,spring_chain_target,3,512,DirectGraphNext,-8.60435973586415,2.859044709684947,0.011505237407117244,0.01020281963296108,-6.811651763483084e-05,0.35607802277672124,0.0,0.0001547969026657726,0.001050806508523365
ablation,spring_chain_target,3,512,SympNoGraph,-8.598063237537545,2.8472528369371677,0.012384972289586479,0.010311803674478842,-0.00833033838073205,0.3864850014996242,0.0,0.42595522220965626,0.11119864912666948
ablation,spring_chain_target,3,512,GraphEuler,-8.60435973586415,2.859044709684947,0.011505237407117244,0.01020281963296108,-6.827064653328978e-05,0.35607857351345773,0.0,0.00015447793490425826,0.0010503601339881161
ablation,spring_chain_target,3,512,SG-Ham+Symp,-8.602244216052386,2.8558048439337345,0.011212039997869842,0.009952242336760633,-1.4330549339784209e-09,0.35626185424174617,0.0,4.81561499534542e-09,0.0010942914986492747
ablation,coupled_oscillator_stabilization,4,512,DenseLinearNext,-27.36419245950374,6.9527112027026385,0.14081754229684376,0.06557665354482214,3.220642193972149e-06,1.5516403585383003,0.0,1.8039713614360168e-06,0.0008928823719325776
ablation,coupled_oscillator_stabilization,4,512,DirectGraphNext,-27.366280900144037,6.942187502375495,0.14052515801391496,0.06501151851508608,-0.00015492147219497987,1.551590818765398,0.0,0.000249044058877315,0.0008672097466627183
ablation,coupled_oscillator_stabilization,4,512,SympNoGraph,-28.046757943085243,7.502519460808441,0.18078073726781171,0.09480921045724659,0.2738573855507532,1.5408767125224667,0.0,0.7160711188817361,0.14747640237593357
ablation,coupled_oscillator_stabilization,4,512,GraphEuler,-27.366280900144037,6.942187502375495,0.14052515801391496,0.06501151851508608,-0.00015537119575270708,1.551590529080287,0.0,0.0002490246750177573,0.0008671013480059884
ablation,coupled_oscillator_stabilization,4,512,SG-Ham+Symp,-27.36419245950374,6.9527112027026385,0.14081754229684376,0.06557665354482214,-2.9353093289330445e-09,1.5516375820029096,0.0,4.046227344608824e-09,0.0008911923350861846
ablation,spring_chain_target,4,512,DenseLinearNext,-11.68143028922321,2.245021234188196,0.0030846523436530338,0.0010357651461727776,1.393740861869534e-06,0.38627827568057604,0.0,6.829312447238607e-06,0.0011591283848963135
ablation,spring_chain_target,4,512,DirectGraphNext,-11.679181707293537,2.243737160164358,0.0029570008037621428,0.0009809873389937918,-0.0001260737001004264,0.3860415916181162,0.0,0.00016588275498003005,0.001117016007363481
ablation,spring_chain_target,4,512,SympNoGraph,-11.68843655618759,2.237242713005951,0.003212346619692209,0.0003812488727457555,0.03388386985666062,0.46033190686587916,0.0,0.4598194831701842,0.1447606509568169
ablation,spring_chain_target,4,512,GraphEuler,-11.679181707293537,2.243737160164358,0.0029570008037621428,0.0009809873389937918,-0.00012632626273349304,0.38604207490659276,0.0,0.0001657164260599123,0.0011165959577666364
ablation,spring_chain_target,4,512,SG-Ham+Symp,-11.68143028922321,2.245021234188196,0.0030846523436530338,0.0010357651461727776,-2.2220889202747194e-09,0.3862828105971434,0.0,5.103737869284484e-09,0.0011498923436453797
