experiment,topology,seed,train_sizes,test_size,model,rollout_rmse,max_energy_drift,final_energy_drift,divergence_rate
graph_size_transfer,chain,0,4+8+16,32,SG-Ham+Symp,1.652494867878489e-09,0.000800934041713115,0.0005471419124337456,0.0
graph_size_transfer,chain,0,4+8+16,64,SG-Ham+Symp,1.5724191626913843e-09,0.0008328772888842997,0.0005560214382263526,0.0
graph_size_transfer,chain,0,4+8+16,128,SG-Ham+Symp,1.5913113213920573e-09,0.0008406286992384791,0.0005588934846516917,0.0
graph_size_transfer,chain,0,4+8+16,256,SG-Ham+Symp,1.5636290604777562e-09,0.0008673197325999796,0.0005919287223223945,0.0
graph_size_transfer,chain,0,4+8+16,32,DirectGraphNext,0.00022499621861143943,0.0008138606166433648,0.0005877153290295631,0.0
graph_size_transfer,chain,0,4+8+16,64,DirectGraphNext,0.00022438557190631532,0.0008464703994411907,0.0005957208944259649,0.0
graph_size_transfer,chain,0,4+8+16,128,DirectGraphNext,0.00022932899697190282,0.0008585307976686468,0.0006039194437443514,0.0
graph_size_transfer,chain,0,4+8+16,256,DirectGraphNext,0.0002348101900577501,0.0008784798683788064,0.0006312191701862065,0.0
graph_size_transfer,chain,0,4+8+16,32,GraphEuler,0.00022499811664920423,0.0008138091757042768,0.0005875421554777888,0.0
graph_size_transfer,chain,0,4+8+16,64,GraphEuler,0.00022438514193016235,0.0008464413732561695,0.0005955663457863123,0.0
graph_size_transfer,chain,0,4+8+16,128,GraphEuler,0.00022932744145803073,0.0008585038842840052,0.0006037718008069582,0.0
graph_size_transfer,chain,0,4+8+16,256,GraphEuler,0.0002348091018908389,0.0008784567052113653,0.0006310938566557939,0.0
graph_size_transfer,chain,0,4+8+16,32,SympNoGraph,0.6883044847907448,0.07675012686778133,0.027551302692458524,0.0
graph_size_transfer,chain,0,4+8+16,64,SympNoGraph,0.669362285141324,0.05391930581086907,0.016105562598360997,0.0
graph_size_transfer,chain,0,4+8+16,128,SympNoGraph,0.6775414680341422,0.04431317968150885,0.01759268090305807,0.0
graph_size_transfer,chain,0,4+8+16,256,SympNoGraph,0.6933158801788479,0.044839449523251626,0.011202655283429345,0.0
graph_size_transfer,grid,0,4x4,64,SG-Ham+Symp,1.0680488721560165e-09,0.0012993702745179834,0.0006981260537400567,0.0
graph_size_transfer,grid,0,4x4,256,SG-Ham+Symp,9.850674179422272e-10,0.0013735086118633498,0.0007158802392504067,0.0
graph_size_transfer,grid,0,4x4,64,DirectGraphNext,0.0006649691770330126,0.0012940593622165445,0.0006297665563210051,0.0
graph_size_transfer,grid,0,4x4,256,DirectGraphNext,0.000718880752230321,0.0013534780442660535,0.000621205283454159,0.0
graph_size_transfer,grid,0,4x4,64,GraphEuler,0.0006649685184678611,0.0012940555265017965,0.0006297332019762903,0.0
graph_size_transfer,grid,0,4x4,256,GraphEuler,0.0007188768868710476,0.001353481948910766,0.0006212179116736139,0.0
graph_size_transfer,grid,0,4x4,64,SympNoGraph,0.8240014690563134,0.04756762568366476,0.04019454417607791,0.0
graph_size_transfer,grid,0,4x4,256,SympNoGraph,0.8429698637536372,0.08326805633146188,0.08116151628572087,0.0
graph_size_transfer,chain,1,4+8+16,32,SG-Ham+Symp,1.6128811819723272e-09,0.0008776600247713845,0.0005940330472292791,0.0
graph_size_transfer,chain,1,4+8+16,64,SG-Ham+Symp,1.5611001377505277e-09,0.0008470380428247215,0.0005523184261361301,0.0
graph_size_transfer,chain,1,4+8+16,128,SG-Ham+Symp,1.5940227068363587e-09,0.0008737513711949302,0.0005893172569194164,0.0
graph_size_transfer,chain,1,4+8+16,256,SG-Ham+Symp,1.5794982249476188e-09,0.0008391274161147668,0.0005534664461477548,0.0
graph_size_transfer,chain,1,4+8+16,32,DirectGraphNext,0.00023149168639494296,0.0008661690248463859,0.0005392289904068368,0.0
graph_size_transfer,chain,1,4+8+16,64,DirectGraphNext,0.00022582586067679294,0.0008379763148666331,0.0005032519265163135,0.0
graph_size_transfer,chain,1,4+8+16,128,DirectGraphNext,0.0002392953814858093,0.0008658762417916967,0.0005405181229062389,0.0
graph_size_transfer,chain,1,4+8+16,256,DirectGraphNext,0.00023115007307349247,0.000827996910083877,0.000499825944661844,0.0
graph_size_transfer,chain,1,4+8+16,32,GraphEuler,0.000231489891555468,0.0008661382486015147,0.0005390616285786256,0.0
graph_size_transfer,chain,1,4+8+16,64,GraphEuler,0.00022582183140373461,0.0008379485613049488,0.0005030986898494348,0.0
graph_size_transfer,chain,1,4+8+16,128,GraphEuler,0.00023929197140703986,0.0008658504787808919,0.0005403773943722741,0.0
graph_size_transfer,chain,1,4+8+16,256,GraphEuler,0.0002311465773865811,0.0008279711421331458,0.0004996807884412386,0.0
graph_size_transfer,chain,1,4+8+16,32,SympNoGraph,0.6917185743539648,0.060175891627762434,0.021630693285401088,0.0
graph_size_transfer,chain,1,4+8+16,64,SympNoGraph,0.675174480846642,0.044075015916956096,0.02032922308725767,0.0
graph_size_transfer,chain,1,4+8+16,128,SympNoGraph,0.696800050470727,0.04597412590730965,0.01870282095931183,0.0
graph_size_transfer,chain,1,4+8+16,256,SympNoGraph,0.6853234243763231,0.03470614856113177,0.012620750105784959,0.0
graph_size_transfer,grid,1,4x4,64,SG-Ham+Symp,9.736844276542543e-10,0.0011648302466477944,0.0006095239930295215,0.0
graph_size_transfer,grid,1,4x4,256,SG-Ham+Symp,9.207599148952124e-10,0.0014061948768798345,0.0007493725027226135,0.0
graph_size_transfer,grid,1,4x4,64,DirectGraphNext,0.0006506702591070954,0.0011698921372668804,0.0005564269005206099,0.0
graph_size_transfer,grid,1,4x4,256,DirectGraphNext,0.0007185679213807775,0.001372002047045584,0.0006453584908017755,0.0
graph_size_transfer,grid,1,4x4,64,GraphEuler,0.0006506669237785527,0.0011698881004186695,0.0005563971547509837,0.0
graph_size_transfer,grid,1,4x4,256,GraphEuler,0.000718560904346825,0.0013720069586509445,0.0006453796459456138,0.0
graph_size_transfer,grid,1,4x4,64,SympNoGraph,0.7978727967800646,0.05225188368532633,0.047962569240210175,0.0
graph_size_transfer,grid,1,4x4,256,SympNoGraph,0.8547113691241353,0.09110604844023877,0.09029440497169756,0.0
graph_size_transfer,chain,2,4+8+16,32,SG-Ham+Symp,1.595442497753311e-09,0.0008032442790235645,0.0005117887468067046,0.0
graph_size_transfer,chain,2,4+8+16,64,SG-Ham+Symp,1.5700066514036496e-09,0.0008616782660365744,0.0005881341627489005,0.0
graph_size_transfer,chain,2,4+8+16,128,SG-Ham+Symp,1.5719323769335346e-09,0.0008373177987181958,0.0005659812486580617,0.0
graph_size_transfer,chain,2,4+8+16,256,SG-Ham+Symp,1.571784390364512e-09,0.0008523602835561233,0.0005821024729355435,0.0
graph_size_transfer,chain,2,4+8+16,32,DirectGraphNext,0.0002311945629669675,0.000789557172654028,0.0004626435736787099,0.0
graph_size_transfer,chain,2,4+8+16,64,DirectGraphNext,0.0002331069098752395,0.0008595684711001396,0.0005518606624261671,0.0
graph_size_transfer,chain,2,4+8+16,128,DirectGraphNext,0.00023359922517793996,0.000827909359575716,0.0005154805303241621,0.0
graph_size_transfer,chain,2,4+8+16,256,DirectGraphNext,0.00023352160557299105,0.0008449260206858893,0.0005374590283886051,0.0
graph_size_transfer,chain,2,4+8+16,32,GraphEuler,0.0002311874990501586,0.0007895285849523631,0.000462488017676953,0.0
graph_size_transfer,chain,2,4+8+16,64,GraphEuler,0.00023309968239295176,0.0008595385706946217,0.0005517007384729597,0.0
graph_size_transfer,chain,2,4+8+16,128,GraphEuler,0.00023359104757723366,0.0008278824672684536,0.0005153363548808098,0.0
graph_size_transfer,chain,2,4+8+16,256,GraphEuler,0.00023351453732911898,0.0008448995708646443,0.0005373133416526501,0.0
graph_size_transfer,chain,2,4+8+16,32,SympNoGraph,0.697055911718506,0.07487907925066038,0.02928931999106247,0.0
graph_size_transfer,chain,2,4+8+16,64,SympNoGraph,0.6798657415698336,0.05563187424483015,0.020196727848962336,0.0
graph_size_transfer,chain,2,4+8+16,128,SympNoGraph,0.6925602660251715,0.04597783734291636,0.01743371626148634,0.0
graph_size_transfer,chain,2,4+8+16,256,SympNoGraph,0.6913872890824683,0.03661729666016903,0.014076898496042397,0.0
graph_size_transfer,grid,2,4x4,64,SG-Ham+Symp,9.76633711576908e-10,0.0013809712136043648,0.0007509939279035149,0.0
graph_size_transfer,grid,2,4x4,256,SG-Ham+Symp,9.645717786127645e-10,0.0014256287205561189,0.0008021578049672049,0.0
graph_size_transfer,grid,2,4x4,64,DirectGraphNext,0.0006786334883206732,0.0013954596640257885,0.000796332444848371,0.0
graph_size_transfer,grid,2,4x4,256,DirectGraphNext,0.0007360403984166781,0.0014129318457294174,0.0008117110805722102,0.0
graph_size_transfer,grid,2,4x4,64,GraphEuler,0.0006786299259231841,0.0013954590330322798,0.0007963215987455372,0.0
graph_size_transfer,grid,2,4x4,256,GraphEuler,0.0007360366033590109,0.0014129376834956491,0.0008117352199050828,0.0
graph_size_transfer,grid,2,4x4,64,SympNoGraph,0.8063663511006367,0.078207414013477,0.07280485304343184,0.0
graph_size_transfer,grid,2,4x4,256,SympNoGraph,0.8599585603829389,0.089045228064566,0.08707544514713778,0.0
graph_size_transfer,chain,3,4+8+16,32,SG-Ham+Symp,1.4942531159128292e-09,0.00087645474114107,0.0005958007694632367,0.0
graph_size_transfer,chain,3,4+8+16,64,SG-Ham+Symp,1.5123008786456078e-09,0.0008666012033109914,0.0005666389825148628,0.0
graph_size_transfer,chain,3,4+8+16,128,SG-Ham+Symp,1.532670792774738e-09,0.0008351312897908532,0.0005473238898026051,0.0
graph_size_transfer,chain,3,4+8+16,256,SG-Ham+Symp,1.5400697852521544e-09,0.0008606945131317236,0.0005768218197454554,0.0
graph_size_transfer,chain,3,4+8+16,32,DirectGraphNext,0.00021977295036232136,0.0008754372123350775,0.000601404272347067,0.0
graph_size_transfer,chain,3,4+8+16,64,DirectGraphNext,0.0002252598118311217,0.0008667993995749501,0.0005756295934427056,0.0
graph_size_transfer,chain,3,4+8+16,128,DirectGraphNext,0.00023145231850917432,0.0008366320475964138,0.0005558617708087953,0.0
graph_size_transfer,chain,3,4+8+16,256,DirectGraphNext,0.0002355707891216965,0.000864694989075684,0.0005904816694158019,0.0
graph_size_transfer,chain,3,4+8+16,32,GraphEuler,0.00021977884318374248,0.0008754069220227272,0.0006012601263403462,0.0
graph_size_transfer,chain,3,4+8+16,64,GraphEuler,0.0002252648975573081,0.0008667747354795072,0.0005754925693978061,0.0
graph_size_transfer,chain,3,4+8+16,128,GraphEuler,0.00023145737475096612,0.0008366064970219472,0.0005557210412416416,0.0
graph_size_transfer,chain,3,4+8+16,256,GraphEuler,0.0002355754209822472,0.000864669585339011,0.0005903428767073994,0.0
graph_size_transfer,chain,3,4+8+16,32,SympNoGraph,0.6664176410165209,0.0722913214246097,0.026447774311453186,0.0
graph_size_transfer,chain,3,4+8+16,64,SympNoGraph,0.6767516508100762,0.05731627280305455,0.02079409683509475,0.0
graph_size_transfer,chain,3,4+8+16,128,SympNoGraph,0.678512342928693,0.03713487757679298,0.016520627512026043,0.0
graph_size_transfer,chain,3,4+8+16,256,SympNoGraph,0.690198797322952,0.03455077875306334,0.009996905258478484,0.0
graph_size_transfer,grid,3,4x4,64,SG-Ham+Symp,1.0717361846283617e-09,0.001279941626966611,0.0006644257099162414,0.0
graph_size_transfer,grid,3,4x4,256,SG-Ham+Symp,9.592888226708587e-10,0.0014285405566153736,0.0007702915661370819,0.0
graph_size_transfer,grid,3,4x4,64,DirectGraphNext,0.0007027567506484949,0.0012523871851355403,0.0005195779672764686,0.0
graph_size_transfer,grid,3,4x4,256,DirectGraphNext,0.0007472689554288793,0.001371868265100799,0.000583281089961591,0.0
graph_size_transfer,grid,3,4x4,64,GraphEuler,0.0007027509494352838,0.0012523840694532334,0.0005195499520521819,0.0
graph_size_transfer,grid,3,4x4,256,GraphEuler,0.0007472596040084565,0.0013718747978686697,0.000583310943085452,0.0
graph_size_transfer,grid,3,4x4,64,SympNoGraph,0.8306656548098311,0.06490177050348833,0.0617998913816702,0.0
graph_size_transfer,grid,3,4x4,256,SympNoGraph,0.8498238814979936,0.094179645982307,0.09253118012873228,0.0
graph_size_transfer,chain,4,4+8+16,32,SG-Ham+Symp,1.5861486887388907e-09,0.0007750298038142261,0.0005226866467756843,0.0
graph_size_transfer,chain,4,4+8+16,64,SG-Ham+Symp,1.6143585016895488e-09,0.0008322135130707158,0.0005559279414418356,0.0
graph_size_transfer,chain,4,4+8+16,128,SG-Ham+Symp,1.585929434719418e-09,0.0008325616081446956,0.0005755230606297985,0.0
graph_size_transfer,chain,4,4+8+16,256,SG-Ham+Symp,1.5587995656826646e-09,0.0008759098129744898,0.0005760134155784523,0.0
graph_size_transfer,chain,4,4+8+16,32,DirectGraphNext,0.00021826904526460128,0.0007839584085006038,0.0005537215432397309,0.0
graph_size_transfer,chain,4,4+8+16,64,DirectGraphNext,0.00023042226269666643,0.0008346023389708039,0.0005855722086424823,0.0
graph_size_transfer,chain,4,4+8+16,128,DirectGraphNext,0.00023056406021490318,0.0008423888507382021,0.0006112949438927566,0.0
graph_size_transfer,chain,4,4+8+16,256,DirectGraphNext,0.00023585937078781844,0.0008859311080599433,0.0006138148504079815,0.0
graph_size_transfer,chain,4,4+8+16,32,GraphEuler,0.00021827177840663095,0.0007839114017085674,0.0005535508263595734,0.0
graph_size_transfer,chain,4,4+8+16,64,GraphEuler,0.0002304258080813304,0.0008345603155252869,0.0005854280040852114,0.0
graph_size_transfer,chain,4,4+8+16,128,GraphEuler,0.0002305659478149829,0.0008423611940381305,0.0006111454101300062,0.0
graph_size_transfer,chain,4,4+8+16,256,GraphEuler,0.0002358605174661458,0.0008859071042168917,0.0006136823360975005,0.0
graph_size_transfer,chain,4,4+8+16,32,SympNoGraph,0.6648075006227281,0.059389672507301074,0.02408709797293988,0.0
graph_size_transfer,chain,4,4+8+16,64,SympNoGraph,0.7024668981321995,0.05629803308371702,0.022553171909383395,0.0
graph_size_transfer,chain,4,4+8+16,128,SympNoGraph,0.6860699809237572,0.0317294408592882,0.010421145801029853,0.0
graph_size_transfer,chain,4,4+8+16,256,SympNoGraph,0.6898579540595283,0.040552495607629246,0.0129571508364088,0.0
graph_size_transfer,grid,4,4x4,64,SG-Ham+Symp,1.0667671689613393e-09,0.0013372238693067286,0.0007526409926289779,0.0
graph_size_transfer,grid,4,4x4,256,SG-Ham+Symp,9.502880795386472e-10,0.0013929767834749906,0.0007204999498020902,0.0
graph_size_transfer,grid,4,4x4,64,DirectGraphNext,0.0007598655474864976,0.0012875347292352953,0.0006308016308362551,0.0
graph_size_transfer,grid,4,4x4,256,DirectGraphNext,0.0007238054864844691,0.0013532053160558077,0.0005924205249126825,0.0
graph_size_transfer,grid,4,4x4,64,GraphEuler,0.0007598542967680964,0.0012875369856035523,0.0006308042378009425,0.0
graph_size_transfer,grid,4,4x4,256,GraphEuler,0.000723793513156564,0.0013532122980617779,0.0005924523433457983,0.0
graph_size_transfer,grid,4,4x4,64,SympNoGraph,0.8718811843633686,0.074557398629353,0.06779545573556318,0.0
graph_size_transfer,grid,4,4x4,256,SympNoGraph,0.8455260365771596,0.0892207516578973,0.08651118476974651,0.0
