experiment,env,seed,horizon,model,one_step_rmse,symplecticity_defect,rollout_rmse,max_energy_drift,final_energy_drift,divergence_rate
dynamics_rollout,harmonic_oscillator,0,1,SG-Ham+Symp,7.654760522049863e-05,5.694823478550146e-12,5.259299177028397e-05,8.315011388544567e-05,8.315011388544567e-05,0.0
dynamics_rollout,harmonic_oscillator,0,10,SG-Ham+Symp,7.654760522049863e-05,5.694823478550146e-12,0.0003110805561953233,0.000770285150700476,0.0007672539543906436,0.0
dynamics_rollout,harmonic_oscillator,0,25,SG-Ham+Symp,7.654760522049863e-05,5.694823478550146e-12,0.0005824363008933683,0.0019831847876638636,0.0018220194059530026,0.0
dynamics_rollout,harmonic_oscillator,0,50,SG-Ham+Symp,7.654760522049863e-05,5.694823478550146e-12,0.0013137513847350842,0.0023641620213983136,0.0009755096128586416,0.0
dynamics_rollout,harmonic_oscillator,0,100,SG-Ham+Symp,7.654760522049863e-05,5.694823478550146e-12,0.0024353729043522397,0.0023415604925716774,0.0018264891762623386,0.0
dynamics_rollout,harmonic_oscillator,0,250,SG-Ham+Symp,7.654760522049863e-05,5.694823478550146e-12,0.0053909967314521605,0.002327252180263796,0.00013576527787089585,0.0
dynamics_rollout,harmonic_oscillator,0,500,SG-Ham+Symp,7.654760522049863e-05,5.694823478550146e-12,0.008980242846288287,0.002295939857901876,0.0002673341956945155,0.0
dynamics_rollout,harmonic_oscillator,0,1,DirectGraphNext,2.5990007310184807e-08,9.17511152831105e-08,1.9054114589626702e-08,1.8740939115284103e-05,1.8740939115284103e-05,0.0
dynamics_rollout,harmonic_oscillator,0,10,DirectGraphNext,2.5990007310184807e-08,9.17511152831105e-08,1.3743239267401845e-07,0.00017371737312549035,0.0001730170390068192,0.0
dynamics_rollout,harmonic_oscillator,0,25,DirectGraphNext,2.5990007310184807e-08,9.17511152831105e-08,3.530831569582208e-07,0.00044620584018112696,0.0004099570866530953,0.0
dynamics_rollout,harmonic_oscillator,0,50,DirectGraphNext,2.5990007310184807e-08,9.17511152831105e-08,7.613302893883362e-07,0.000533134715440444,0.00021954117173430838,0.0
dynamics_rollout,harmonic_oscillator,0,100,DirectGraphNext,2.5990007310184807e-08,9.17511152831105e-08,1.4669722072905352e-06,0.0005308756574194264,0.0004137631939002205,0.0
dynamics_rollout,harmonic_oscillator,0,250,DirectGraphNext,2.5990007310184807e-08,9.17511152831105e-08,3.27765299245258e-06,0.0005341597514372675,2.3869042527691182e-05,0.0
dynamics_rollout,harmonic_oscillator,0,500,DirectGraphNext,2.5990007310184807e-08,9.17511152831105e-08,5.402054384651875e-06,0.0005321570872140053,5.106298675948036e-05,0.0
dynamics_rollout,harmonic_oscillator,0,1,GraphEuler,1.4483344622588918e-09,9.727538248317138e-11,9.606199563163974e-10,1.873592007747582e-05,1.873592007747582e-05,0.0
dynamics_rollout,harmonic_oscillator,0,10,GraphEuler,1.4483344622588918e-09,9.727538248317138e-11,6.930502049442105e-09,0.00017361052019971025,0.00017291541653987672,0.0
dynamics_rollout,harmonic_oscillator,0,25,GraphEuler,1.4483344622588918e-09,9.727538248317138e-11,1.7758829897558617e-08,0.00044653034108869044,0.000410129823493797,0.0
dynamics_rollout,harmonic_oscillator,0,50,GraphEuler,1.4483344622588918e-09,9.727538248317138e-11,3.82642924391234e-08,0.0005323953119918174,0.00021871947279213628,0.0
dynamics_rollout,harmonic_oscillator,0,100,GraphEuler,1.4483344622588918e-09,9.727538248317138e-11,7.377727884227667e-08,0.0005273805466374092,0.0004105460072007814,0.0
dynamics_rollout,harmonic_oscillator,0,250,GraphEuler,1.4483344622588918e-09,9.727538248317138e-11,1.6506772041096739e-07,0.000524126854055396,2.530568326876478e-05,0.0
dynamics_rollout,harmonic_oscillator,0,500,GraphEuler,1.4483344622588918e-09,9.727538248317138e-11,2.7207812982294325e-07,0.0005168166408364375,4.985343820359955e-05,0.0
dynamics_rollout,harmonic_oscillator,0,1,SympNoGraph,7.654760522049863e-05,5.694823478550146e-12,5.259299177028397e-05,8.315011388544567e-05,8.315011388544567e-05,0.0
dynamics_rollout,harmonic_oscillator,0,10,SympNoGraph,7.654760522049863e-05,5.694823478550146e-12,0.0003110805561953233,0.000770285150700476,0.0007672539543906436,0.0
dynamics_rollout,harmonic_oscillator,0,25,SympNoGraph,7.654760522049863e-05,5.694823478550146e-12,0.0005824363008933683,0.0019831847876638636,0.0018220194059530026,0.0
dynamics_rollout,harmonic_oscillator,0,50,SympNoGraph,7.654760522049863e-05,5.694823478550146e-12,0.0013137513847350842,0.0023641620213983136,0.0009755096128586416,0.0
dynamics_rollout,harmonic_oscillator,0,100,SympNoGraph,7.654760522049863e-05,5.694823478550146e-12,0.0024353729043522397,0.0023415604925716774,0.0018264891762623386,0.0
dynamics_rollout,harmonic_oscillator,0,250,SympNoGraph,7.654760522049863e-05,5.694823478550146e-12,0.0053909967314521605,0.002327252180263796,0.00013576527787089585,0.0
dynamics_rollout,harmonic_oscillator,0,500,SympNoGraph,7.654760522049863e-05,5.694823478550146e-12,0.008980242846288287,0.002295939857901876,0.0002673341956945155,0.0
dynamics_rollout,harmonic_oscillator,0,1,DenseLinearNext,2.5990007312129552e-08,9.1750821204793e-08,1.9054114593283902e-08,1.8740939115278032e-05,1.8740939115278032e-05,0.0
dynamics_rollout,harmonic_oscillator,0,10,DenseLinearNext,2.5990007312129552e-08,9.1750821204793e-08,1.3743239267401636e-07,0.00017371737312541985,0.0001730170390067487,0.0
dynamics_rollout,harmonic_oscillator,0,25,DenseLinearNext,2.5990007312129552e-08,9.1750821204793e-08,3.5308315698124267e-07,0.00044620584018085233,0.00040995708665290693,0.0
dynamics_rollout,harmonic_oscillator,0,50,DenseLinearNext,2.5990007312129552e-08,9.1750821204793e-08,7.613302893793454e-07,0.0005331347154402181,0.00021954117173403473,0.0
dynamics_rollout,harmonic_oscillator,0,100,DenseLinearNext,2.5990007312129552e-08,9.1750821204793e-08,1.4669722072948737e-06,0.0005308756574190508,0.0004137631938998072,0.0
dynamics_rollout,harmonic_oscillator,0,250,DenseLinearNext,2.5990007312129552e-08,9.1750821204793e-08,3.2776529924778707e-06,0.0005341597514372061,2.3869042527521145e-05,0.0
dynamics_rollout,harmonic_oscillator,0,500,DenseLinearNext,2.5990007312129552e-08,9.1750821204793e-08,5.40205438468371e-06,0.0005321570872138267,5.1062986759181465e-05,0.0
dynamics_rollout,spring_mass_chain,0,1,SG-Ham+Symp,0.00012220416057337892,3.7014381340935995e-11,7.868999811170718e-05,5.943321203879076e-05,5.943321203879076e-05,0.0
dynamics_rollout,spring_mass_chain,0,10,SG-Ham+Symp,0.00012220416057337892,3.7014381340935995e-11,0.0006095954942986339,0.0008863781835482962,0.0008548379443588743,0.0
dynamics_rollout,spring_mass_chain,0,25,SG-Ham+Symp,0.00012220416057337892,3.7014381340935995e-11,0.0009229601968420882,0.0016276289161764254,0.0013247019462187596,0.0
dynamics_rollout,spring_mass_chain,0,50,SG-Ham+Symp,0.00012220416057337892,3.7014381340935995e-11,0.0017189320879253134,0.0018115624570221942,0.0008718458586773761,0.0
dynamics_rollout,spring_mass_chain,0,100,SG-Ham+Symp,0.00012220416057337892,3.7014381340935995e-11,0.002797980210920075,0.0016705521061427901,0.0011439335275226384,0.0
dynamics_rollout,spring_mass_chain,0,250,SG-Ham+Symp,0.00012220416057337892,3.7014381340935995e-11,0.00690879042526051,0.0018549162932326774,0.0007858605479994933,0.0
dynamics_rollout,spring_mass_chain,0,500,SG-Ham+Symp,0.00012220416057337892,3.7014381340935995e-11,0.015203646502686227,0.0018829449793676134,0.0008045899814086772,0.0
dynamics_rollout,spring_mass_chain,0,1,DirectGraphNext,1.9197290291677025e-05,3.4900943775002497e-06,5.588328307292909e-06,2.9241124912216086e-05,2.9241124912216086e-05,0.0
dynamics_rollout,spring_mass_chain,0,10,DirectGraphNext,1.9197290291677025e-05,3.4900943775002497e-06,4.2611046844335156e-05,0.00042481139592439747,0.0004091558390446079,0.0
dynamics_rollout,spring_mass_chain,0,25,DirectGraphNext,1.9197290291677025e-05,3.4900943775002497e-06,7.674900409143552e-05,0.000789009873920625,0.000633942288682982,0.0
dynamics_rollout,spring_mass_chain,0,50,DirectGraphNext,1.9197290291677025e-05,3.4900943775002497e-06,0.00012588114361213696,0.0008737325237419461,0.00043401371467804967,0.0
dynamics_rollout,spring_mass_chain,0,100,DirectGraphNext,1.9197290291677025e-05,3.4900943775002497e-06,0.00021256474262173705,0.0008024939225876943,0.0005480808843105807,0.0
dynamics_rollout,spring_mass_chain,0,250,DirectGraphNext,1.9197290291677025e-05,3.4900943775002497e-06,0.0005312949956178757,0.0008973474817183335,0.0004189901653454295,0.0
dynamics_rollout,spring_mass_chain,0,500,DirectGraphNext,1.9197290291677025e-05,3.4900943775002497e-06,0.0010520080891474055,0.0009836887908247305,0.0005038717889968477,0.0
dynamics_rollout,spring_mass_chain,0,1,GraphEuler,1.91973685165047e-05,3.4523247254042263e-06,5.588301623211472e-06,2.9239807966707366e-05,2.9239807966707366e-05,0.0
dynamics_rollout,spring_mass_chain,0,10,GraphEuler,1.91973685165047e-05,3.4523247254042263e-06,4.260899027089075e-05,0.0004247788632041996,0.00040912175599846,0.0
dynamics_rollout,spring_mass_chain,0,25,GraphEuler,1.91973685165047e-05,3.4523247254042263e-06,7.673041651995479e-05,0.000788903955629566,0.0006338111170146725,0.0
dynamics_rollout,spring_mass_chain,0,50,GraphEuler,1.91973685165047e-05,3.4523247254042263e-06,0.000125868906301367,0.0008736277338398975,0.0004338326066176204,0.0
dynamics_rollout,spring_mass_chain,0,100,GraphEuler,1.91973685165047e-05,3.4523247254042263e-06,0.00021253893565722072,0.0008023069994471467,0.0005478222708432268,0.0
dynamics_rollout,spring_mass_chain,0,250,GraphEuler,1.91973685165047e-05,3.4523247254042263e-06,0.0005312333312991591,0.0008966165049264403,0.00041764169839678323,0.0
dynamics_rollout,spring_mass_chain,0,500,GraphEuler,1.91973685165047e-05,3.4523247254042263e-06,0.0010518853658469656,0.0009819050320622662,0.0005014520473663588,0.0
dynamics_rollout,spring_mass_chain,0,1,SympNoGraph,0.024890884226976696,2.6232581623792225e-11,0.01741993866770336,0.005818646017498007,0.005818646017498007,0.0
dynamics_rollout,spring_mass_chain,0,10,SympNoGraph,0.024890884226976696,2.6232581623792225e-11,0.13527310104079035,0.06635101826383565,0.06525135944226965,0.0
dynamics_rollout,spring_mass_chain,0,25,SympNoGraph,0.024890884226976696,2.6232581623792225e-11,0.22380473700508471,0.11362026719921754,0.10127793924068655,0.0
dynamics_rollout,spring_mass_chain,0,50,SympNoGraph,0.024890884226976696,2.6232581623792225e-11,0.3705350776786271,0.12768807893062842,0.022954347665342583,0.0
dynamics_rollout,spring_mass_chain,0,100,SympNoGraph,0.024890884226976696,2.6232581623792225e-11,0.6224148730025089,0.1196435907648899,0.03148942405724594,0.0
dynamics_rollout,spring_mass_chain,0,250,SympNoGraph,0.024890884226976696,2.6232581623792225e-11,1.1587752827135984,0.14769408567631612,0.12848354198433376,0.0
dynamics_rollout,spring_mass_chain,0,500,SympNoGraph,0.024890884226976696,2.6232581623792225e-11,1.246196120460284,0.1208843108891442,0.027457575169302032,0.0
dynamics_rollout,spring_mass_chain,0,1,DenseLinearNext,2.6271289444249015e-08,2.5540554092142934e-07,1.9441239869362223e-08,2.8583929652492226e-05,2.8583929652492226e-05,0.0
dynamics_rollout,spring_mass_chain,0,10,DenseLinearNext,2.6271289444249015e-08,2.5540554092142934e-07,1.6811382301529052e-07,0.00042317770339372576,0.0004077981043520157,0.0
dynamics_rollout,spring_mass_chain,0,25,DenseLinearNext,2.6271289444249015e-08,2.5540554092142934e-07,4.4445933332661946e-07,0.0007639217183478792,0.0006089513221532739,0.0
dynamics_rollout,spring_mass_chain,0,50,DenseLinearNext,2.6271289444249015e-08,2.5540554092142934e-07,9.122688054461876e-07,0.0008505054307724223,0.0004333564600124161,0.0
dynamics_rollout,spring_mass_chain,0,100,DenseLinearNext,2.6271289444249015e-08,2.5540554092142934e-07,1.6070659194117721e-06,0.0007943721468548315,0.0005508057846833245,0.0
dynamics_rollout,spring_mass_chain,0,250,DenseLinearNext,2.6271289444249015e-08,2.5540554092142934e-07,4.132280883715019e-06,0.0008657776868441283,0.0003819942444579628,0.0
dynamics_rollout,spring_mass_chain,0,500,DenseLinearNext,2.6271289444249015e-08,2.5540554092142934e-07,8.509863993677495e-06,0.0009009803052127274,0.0004271730689131864,0.0
dynamics_rollout,oscillator_graph_cycle,0,1,SG-Ham+Symp,0.0001387876292324093,3.698181654343117e-11,8.943144450686978e-05,6.244605088412561e-05,6.244605088412561e-05,0.0
dynamics_rollout,oscillator_graph_cycle,0,10,SG-Ham+Symp,0.0001387876292324093,3.698181654343117e-11,0.0006714005630447049,0.0009464488569796547,0.0009207018853540174,0.0
dynamics_rollout,oscillator_graph_cycle,0,25,SG-Ham+Symp,0.0001387876292324093,3.698181654343117e-11,0.0010310027364659065,0.001856645739421621,0.0014591957044284016,0.0
dynamics_rollout,oscillator_graph_cycle,0,50,SG-Ham+Symp,0.0001387876292324093,3.698181654343117e-11,0.0020388417339574447,0.002085669478344204,0.0011281369456535787,0.0
dynamics_rollout,oscillator_graph_cycle,0,100,SG-Ham+Symp,0.0001387876292324093,3.698181654343117e-11,0.0031720431675800096,0.001872983739179353,0.0012299344969104093,0.0
dynamics_rollout,oscillator_graph_cycle,0,250,SG-Ham+Symp,0.0001387876292324093,3.698181654343117e-11,0.007844217064731526,0.00197921960333261,0.0012532048502675826,0.0
dynamics_rollout,oscillator_graph_cycle,0,500,SG-Ham+Symp,0.0001387876292324093,3.698181654343117e-11,0.017258759971509215,0.002122663661622931,0.000584724010647661,0.0
dynamics_rollout,oscillator_graph_cycle,0,1,DirectGraphNext,1.985771833393227e-05,2.4450390639284576e-06,5.974806809659273e-06,3.0184914513586543e-05,3.0184914513586543e-05,0.0
dynamics_rollout,oscillator_graph_cycle,0,10,DirectGraphNext,1.985771833393227e-05,2.4450390639284576e-06,4.420298292728247e-05,0.00044437844822677177,0.0004329336888001342,0.0
dynamics_rollout,oscillator_graph_cycle,0,25,DirectGraphNext,1.985771833393227e-05,2.4450390639284576e-06,7.612279189559952e-05,0.0008869683071101485,0.0006922825264570543,0.0
dynamics_rollout,oscillator_graph_cycle,0,50,DirectGraphNext,1.985771833393227e-05,2.4450390639284576e-06,0.00013096628551365503,0.0009893683618483098,0.0005458861847368804,0.0
dynamics_rollout,oscillator_graph_cycle,0,100,DirectGraphNext,1.985771833393227e-05,2.4450390639284576e-06,0.000209357067153088,0.0008834627225216772,0.0005872008792029638,0.0
dynamics_rollout,oscillator_graph_cycle,0,250,DirectGraphNext,1.985771833393227e-05,2.4450390639284576e-06,0.0005242961827978898,0.0009366026201367365,0.000598291539791616,0.0
dynamics_rollout,oscillator_graph_cycle,0,500,DirectGraphNext,1.985771833393227e-05,2.4450390639284576e-06,0.0010297334963805744,0.001035702577562628,0.00030272774606747514,0.0
dynamics_rollout,oscillator_graph_cycle,0,1,GraphEuler,1.9857832699726846e-05,2.4233376775253683e-06,5.974888101718695e-06,3.0183185638429927e-05,3.0183185638429927e-05,0.0
dynamics_rollout,oscillator_graph_cycle,0,10,GraphEuler,1.9857832699726846e-05,2.4233376775253683e-06,4.4201866935417035e-05,0.0004443419023392981,0.00043289832167475213,0.0
dynamics_rollout,oscillator_graph_cycle,0,25,GraphEuler,1.9857832699726846e-05,2.4233376775253683e-06,7.611109830535132e-05,0.0008868667481641392,0.0006921606592555323,0.0
dynamics_rollout,oscillator_graph_cycle,0,50,GraphEuler,1.9857832699726846e-05,2.4233376775253683e-06,0.0001309617470905388,0.0009892925945111538,0.0005456946479848727,0.0
dynamics_rollout,oscillator_graph_cycle,0,100,GraphEuler,1.9857832699726846e-05,2.4233376775253683e-06,0.00020934283598956731,0.0008833450572932753,0.0005868614725154424,0.0
dynamics_rollout,oscillator_graph_cycle,0,250,GraphEuler,1.9857832699726846e-05,2.4233376775253683e-06,0.0005242645594431377,0.0009359335463644228,0.0005969845055336123,0.0
dynamics_rollout,oscillator_graph_cycle,0,500,GraphEuler,1.9857832699726846e-05,2.4233376775253683e-06,0.00102966674144697,0.0010343720456589395,0.00030094614498620285,0.0
dynamics_rollout,oscillator_graph_cycle,0,1,SympNoGraph,0.025541666600892222,2.5165205572336916e-11,0.01772655584623713,0.005517017013255569,0.005517017013255569,0.0
dynamics_rollout,oscillator_graph_cycle,0,10,SympNoGraph,0.025541666600892222,2.5165205572336916e-11,0.1347750538942302,0.06067891243607795,0.059395315819181636,0.0
dynamics_rollout,oscillator_graph_cycle,0,25,SympNoGraph,0.025541666600892222,2.5165205572336916e-11,0.21731913408048945,0.13046592525876263,0.11448507327165408,0.0
dynamics_rollout,oscillator_graph_cycle,0,50,SympNoGraph,0.025541666600892222,2.5165205572336916e-11,0.3835631469038785,0.11812667947681428,0.03127008989292754,0.0
dynamics_rollout,oscillator_graph_cycle,0,100,SympNoGraph,0.025541666600892222,2.5165205572336916e-11,0.6256585459174709,0.11867713891626681,0.04839245246241159,0.0
dynamics_rollout,oscillator_graph_cycle,0,250,SympNoGraph,0.025541666600892222,2.5165205572336916e-11,1.2006386685298067,0.1542013814609844,0.12728090129807235,0.0
dynamics_rollout,oscillator_graph_cycle,0,500,SympNoGraph,0.025541666600892222,2.5165205572336916e-11,1.1534787708482293,0.12066270500205695,0.050016186757693565,0.0
dynamics_rollout,oscillator_graph_cycle,0,1,DenseLinearNext,2.6269203173298018e-08,2.554058273803353e-07,1.9428377143422988e-08,2.918435928454553e-05,2.918435928454553e-05,0.0
dynamics_rollout,oscillator_graph_cycle,0,10,DenseLinearNext,2.6269203173298018e-08,2.554058273803353e-07,1.6922030791813464e-07,0.0004440197572118244,0.00043155285404250743,0.0
dynamics_rollout,oscillator_graph_cycle,0,25,DenseLinearNext,2.6269203173298018e-08,2.554058273803353e-07,4.5821775042927685e-07,0.0008649519487465277,0.0006718971366951868,0.0
dynamics_rollout,oscillator_graph_cycle,0,50,DenseLinearNext,2.6269203173298018e-08,2.554058273803353e-07,9.292537248966916e-07,0.0009788353610126,0.000549831804701622,0.0
dynamics_rollout,oscillator_graph_cycle,0,100,DenseLinearNext,2.6269203173298018e-08,2.554058273803353e-07,1.642940365315261e-06,0.0008818883218202752,0.0005829769278103791,0.0
dynamics_rollout,oscillator_graph_cycle,0,250,DenseLinearNext,2.6269203173298018e-08,2.554058273803353e-07,4.249617076232349e-06,0.0009257680604270414,0.0005788656818195249,0.0
dynamics_rollout,oscillator_graph_cycle,0,500,DenseLinearNext,2.6269203173298018e-08,2.554058273803353e-07,8.646657171414998e-06,0.0010093056084130927,0.00029487244742782516,0.0
dynamics_rollout,harmonic_oscillator,1,1,SG-Ham+Symp,4.504177046808192e-05,7.855427710821779e-12,4.374641684029255e-06,1.236880138884961e-05,1.236880138884961e-05,0.0
dynamics_rollout,harmonic_oscillator,1,10,SG-Ham+Symp,4.504177046808192e-05,7.855427710821779e-12,2.906869140900302e-05,0.00010595202927707463,0.00010443755326048304,0.0
dynamics_rollout,harmonic_oscillator,1,25,SG-Ham+Symp,4.504177046808192e-05,7.855427710821779e-12,9.386078545851131e-05,0.00026643420183327646,0.0002406079785338718,0.0
dynamics_rollout,harmonic_oscillator,1,50,SG-Ham+Symp,4.504177046808192e-05,7.855427710821779e-12,0.00012246156284047077,0.0003320668550887887,0.00012703021707226577,0.0
dynamics_rollout,harmonic_oscillator,1,100,SG-Ham+Symp,4.504177046808192e-05,7.855427710821779e-12,0.00028233057773914577,0.00032653197205725605,0.00023039964992475548,0.0
dynamics_rollout,harmonic_oscillator,1,250,SG-Ham+Symp,4.504177046808192e-05,7.855427710821779e-12,0.0005617506377381489,0.00032842100961385845,1.567200817792754e-05,0.0
dynamics_rollout,harmonic_oscillator,1,500,SG-Ham+Symp,4.504177046808192e-05,7.855427710821779e-12,0.0012634306109159906,0.00032282683276950794,3.0141009691924883e-05,0.0
dynamics_rollout,harmonic_oscillator,1,1,DirectGraphNext,2.3027876025686836e-08,8.244216262446649e-08,1.5209792581457164e-08,1.95601125019996e-05,1.95601125019996e-05,0.0
dynamics_rollout,harmonic_oscillator,1,10,DirectGraphNext,2.3027876025686836e-08,8.244216262446649e-08,9.288560382966129e-08,0.0001676498199073411,0.00016520795527005087,0.0
dynamics_rollout,harmonic_oscillator,1,25,DirectGraphNext,2.3027876025686836e-08,8.244216262446649e-08,3.1825157304389687e-07,0.0004215433411190023,0.00038098496796156145,0.0
dynamics_rollout,harmonic_oscillator,1,50,DirectGraphNext,2.3027876025686836e-08,8.244216262446649e-08,5.536270588971026e-07,0.0005257806205674317,0.00020193309094060632,0.0
dynamics_rollout,harmonic_oscillator,1,100,DirectGraphNext,2.3027876025686836e-08,8.244216262446649e-08,1.447983028730338e-06,0.0005186434501100556,0.0003658465838577646,0.0
dynamics_rollout,harmonic_oscillator,1,250,DirectGraphNext,2.3027876025686836e-08,8.244216262446649e-08,2.8195279788677657e-06,0.0005260067590469275,3.0924041526147034e-05,0.0
dynamics_rollout,harmonic_oscillator,1,500,DirectGraphNext,2.3027876025686836e-08,8.244216262446649e-08,6.367654899422732e-06,0.0005235251944297509,5.71484386285076e-05,0.0
dynamics_rollout,harmonic_oscillator,1,1,GraphEuler,1.2503128631059823e-09,4.799309468921001e-11,7.429797583145732e-10,1.955409337209702e-05,1.955409337209702e-05,0.0
dynamics_rollout,harmonic_oscillator,1,10,GraphEuler,1.2503128631059823e-09,4.799309468921001e-11,4.4542941442261114e-09,0.0001674932908629871,0.00016509976664630987,0.0
dynamics_rollout,harmonic_oscillator,1,25,GraphEuler,1.2503128631059823e-09,4.799309468921001e-11,1.5350701822183443e-08,0.0004212187719022046,0.00038037209364214777,0.0
dynamics_rollout,harmonic_oscillator,1,50,GraphEuler,1.2503128631059823e-09,4.799309468921001e-11,2.692988291862617e-08,0.0005250066462917376,0.0002009306923233439,0.0
dynamics_rollout,harmonic_oscillator,1,100,GraphEuler,1.2503128631059823e-09,4.799309468921001e-11,7.067882775105121e-08,0.000516266014471896,0.0003643586472326024,0.0
dynamics_rollout,harmonic_oscillator,1,250,GraphEuler,1.2503128631059823e-09,4.799309468921001e-11,1.3714877997635622e-07,0.0005192536889894758,2.5341564180605855e-05,0.0
dynamics_rollout,harmonic_oscillator,1,500,GraphEuler,1.2503128631059823e-09,4.799309468921001e-11,3.0978057970861346e-07,0.0005104218761135835,4.869820179373947e-05,0.0
dynamics_rollout,harmonic_oscillator,1,1,SympNoGraph,4.504177046808192e-05,7.855427710821779e-12,4.374641684029255e-06,1.236880138884961e-05,1.236880138884961e-05,0.0
dynamics_rollout,harmonic_oscillator,1,10,SympNoGraph,4.504177046808192e-05,7.855427710821779e-12,2.906869140900302e-05,0.00010595202927707463,0.00010443755326048304,0.0
dynamics_rollout,harmonic_oscillator,1,25,SympNoGraph,4.504177046808192e-05,7.855427710821779e-12,9.386078545851131e-05,0.00026643420183327646,0.0002406079785338718,0.0
dynamics_rollout,harmonic_oscillator,1,50,SympNoGraph,4.504177046808192e-05,7.855427710821779e-12,0.00012246156284047077,0.0003320668550887887,0.00012703021707226577,0.0
dynamics_rollout,harmonic_oscillator,1,100,SympNoGraph,4.504177046808192e-05,7.855427710821779e-12,0.00028233057773914577,0.00032653197205725605,0.00023039964992475548,0.0
dynamics_rollout,harmonic_oscillator,1,250,SympNoGraph,4.504177046808192e-05,7.855427710821779e-12,0.0005617506377381489,0.00032842100961385845,1.567200817792754e-05,0.0
dynamics_rollout,harmonic_oscillator,1,500,SympNoGraph,4.504177046808192e-05,7.855427710821779e-12,0.0012634306109159906,0.00032282683276950794,3.0141009691924883e-05,0.0
dynamics_rollout,harmonic_oscillator,1,1,DenseLinearNext,2.302787602813604e-08,8.2442187137535e-08,1.5209792581387254e-08,1.95601125019996e-05,1.95601125019996e-05,0.0
dynamics_rollout,harmonic_oscillator,1,10,DenseLinearNext,2.302787602813604e-08,8.2442187137535e-08,9.288560382745142e-08,0.00016764981990731627,0.00016520795527002604,0.0
dynamics_rollout,harmonic_oscillator,1,25,DenseLinearNext,2.302787602813604e-08,8.2442187137535e-08,3.1825157302425714e-07,0.00042154334111887444,0.0003809849679614198,0.0
dynamics_rollout,harmonic_oscillator,1,50,DenseLinearNext,2.302787602813604e-08,8.2442187137535e-08,5.536270588777394e-07,0.0005257806205673134,0.0002019330909406583,0.0
dynamics_rollout,harmonic_oscillator,1,100,DenseLinearNext,2.302787602813604e-08,8.2442187137535e-08,1.4479830287001862e-06,0.0005186434501100156,0.00036584658385774657,0.0
dynamics_rollout,harmonic_oscillator,1,250,DenseLinearNext,2.302787602813604e-08,8.2442187137535e-08,2.8195279789380622e-06,0.0005260067590469256,3.0924041525939396e-05,0.0
dynamics_rollout,harmonic_oscillator,1,500,DenseLinearNext,2.302787602813604e-08,8.2442187137535e-08,6.3676548993281245e-06,0.0005235251944290837,5.714843862766588e-05,0.0
dynamics_rollout,spring_mass_chain,1,1,SG-Ham+Symp,0.00012175063573414812,4.568047268699293e-11,7.809835913339664e-05,6.188877402965184e-05,6.188877402965184e-05,0.0
dynamics_rollout,spring_mass_chain,1,10,SG-Ham+Symp,0.00012175063573414812,4.568047268699293e-11,0.00052838631794922,0.0006778558793116229,0.0006612470540678384,0.0
dynamics_rollout,spring_mass_chain,1,25,SG-Ham+Symp,0.00012175063573414812,4.568047268699293e-11,0.0009324191135639775,0.001752941157877377,0.0013920913467434723,0.0
dynamics_rollout,spring_mass_chain,1,50,SG-Ham+Symp,0.00012175063573414812,4.568047268699293e-11,0.001765055606327551,0.0017597678140785396,0.000710872138254735,0.0
dynamics_rollout,spring_mass_chain,1,100,SG-Ham+Symp,0.00012175063573414812,4.568047268699293e-11,0.0028805431492803604,0.0016865790839606326,0.0010225936829081907,0.0
dynamics_rollout,spring_mass_chain,1,250,SG-Ham+Symp,0.00012175063573414812,4.568047268699293e-11,0.007834412519154633,0.0017111977429746545,0.0008793025358258502,0.0
dynamics_rollout,spring_mass_chain,1,500,SG-Ham+Symp,0.00012175063573414812,4.568047268699293e-11,0.016163736194429974,0.0020699208543045527,0.0008759937721637092,0.0
dynamics_rollout,spring_mass_chain,1,1,DirectGraphNext,1.9607517926644745e-05,5.910918413847028e-06,5.2511917490089475e-06,2.8103488178995365e-05,2.8103488178995365e-05,0.0
dynamics_rollout,spring_mass_chain,1,10,DirectGraphNext,1.9607517926644745e-05,5.910918413847028e-06,3.680479507867198e-05,0.0003169840063713871,0.00030964917533921684,0.0
dynamics_rollout,spring_mass_chain,1,25,DirectGraphNext,1.9607517926644745e-05,5.910918413847028e-06,7.026054533422733e-05,0.0008004606032937413,0.0006104134660352851,0.0
dynamics_rollout,spring_mass_chain,1,50,DirectGraphNext,1.9607517926644745e-05,5.910918413847028e-06,0.00012996988444686076,0.0007974815918545163,0.00031128036477313627,0.0
dynamics_rollout,spring_mass_chain,1,100,DirectGraphNext,1.9607517926644745e-05,5.910918413847028e-06,0.00021239087129745968,0.0007548428820629644,0.0004209553834011537,0.0
dynamics_rollout,spring_mass_chain,1,250,DirectGraphNext,1.9607517926644745e-05,5.910918413847028e-06,0.0005395931095544751,0.0007626065210371626,0.00031444549174679156,0.0
dynamics_rollout,spring_mass_chain,1,500,DirectGraphNext,1.9607517926644745e-05,5.910918413847028e-06,0.001098548168180802,0.0009144960380391504,0.0002258589549133516,0.0
dynamics_rollout,spring_mass_chain,1,1,GraphEuler,1.960768619893969e-05,5.888078243926785e-06,5.251147232914063e-06,2.8102535302660345e-05,2.8102535302660345e-05,0.0
dynamics_rollout,spring_mass_chain,1,10,GraphEuler,1.960768619893969e-05,5.888078243926785e-06,3.6801325482952455e-05,0.0003169503815584423,0.0003096040258808714,0.0
dynamics_rollout,spring_mass_chain,1,25,GraphEuler,1.960768619893969e-05,5.888078243926785e-06,7.02520512252999e-05,0.0008003792820622143,0.0006103077503191639,0.0
dynamics_rollout,spring_mass_chain,1,50,GraphEuler,1.960768619893969e-05,5.888078243926785e-06,0.00012996042193455618,0.0007973686977246867,0.00031107247568267583,0.0
dynamics_rollout,spring_mass_chain,1,100,GraphEuler,1.960768619893969e-05,5.888078243926785e-06,0.00021236035583644642,0.0007546074030534995,0.0004204718289609109,0.0
dynamics_rollout,spring_mass_chain,1,250,GraphEuler,1.960768619893969e-05,5.888078243926785e-06,0.0005395263497818492,0.0007626621727313615,0.0003141456316676965,0.0
dynamics_rollout,spring_mass_chain,1,500,GraphEuler,1.960768619893969e-05,5.888078243926785e-06,0.0010984026184549295,0.0009143038981627925,0.00022578472709767496,0.0
dynamics_rollout,spring_mass_chain,1,1,SympNoGraph,0.02463931769631013,3.06769252056583e-11,0.017013311527896327,0.0057577594946148156,0.0057577594946148156,0.0
dynamics_rollout,spring_mass_chain,1,10,SympNoGraph,0.02463931769631013,3.06769252056583e-11,0.1162789483473522,0.06846788212722352,0.06644343807514999,0.0
dynamics_rollout,spring_mass_chain,1,25,SympNoGraph,0.02463931769631013,3.06769252056583e-11,0.22920057477789987,0.13546030197589243,0.11128009127361395,0.0
dynamics_rollout,spring_mass_chain,1,50,SympNoGraph,0.02463931769631013,3.06769252056583e-11,0.3753459549043692,0.13275786234751993,0.018356798345668092,0.0
dynamics_rollout,spring_mass_chain,1,100,SympNoGraph,0.02463931769631013,3.06769252056583e-11,0.6413864831656252,0.1342311420596217,0.044724881225675396,0.0
dynamics_rollout,spring_mass_chain,1,250,SympNoGraph,0.02463931769631013,3.06769252056583e-11,1.1939356704929922,0.11859544419075259,0.10047214186354976,0.0
dynamics_rollout,spring_mass_chain,1,500,SympNoGraph,0.02463931769631013,3.06769252056583e-11,1.2202058641908708,0.15633115137516093,0.02594006060721754,0.0
dynamics_rollout,spring_mass_chain,1,1,DenseLinearNext,2.417730596241948e-08,2.402720033841934e-07,1.798652434172454e-08,2.885932847940848e-05,2.885932847940848e-05,0.0
dynamics_rollout,spring_mass_chain,1,10,DenseLinearNext,2.417730596241948e-08,2.402720033841934e-07,1.5383240734967054e-07,0.0003139030539602037,0.00030556551899716956,0.0
dynamics_rollout,spring_mass_chain,1,25,DenseLinearNext,2.417730596241948e-08,2.402720033841934e-07,4.224365839890596e-07,0.0008089650232816171,0.0006344827728937291,0.0
dynamics_rollout,spring_mass_chain,1,50,DenseLinearNext,2.417730596241948e-08,2.402720033841934e-07,8.51236673675427e-07,0.0007957672151284754,0.00034547181946616173,0.0
dynamics_rollout,spring_mass_chain,1,100,DenseLinearNext,2.417730596241948e-08,2.402720033841934e-07,1.5499217374346155e-06,0.0007754244616162831,0.000480315825069067,0.0
dynamics_rollout,spring_mass_chain,1,250,DenseLinearNext,2.417730596241948e-08,2.402720033841934e-07,4.066603183702783e-06,0.0007846515183686348,0.0004151495796424159,0.0
dynamics_rollout,spring_mass_chain,1,500,DenseLinearNext,2.417730596241948e-08,2.402720033841934e-07,8.096764971319648e-06,0.0009677259775427863,0.00045294957365232146,0.0
dynamics_rollout,oscillator_graph_cycle,1,1,SG-Ham+Symp,0.00011739103240493221,4.511985606245396e-11,7.789195369207097e-05,6.959468874072901e-05,6.959468874072901e-05,0.0
dynamics_rollout,oscillator_graph_cycle,1,10,SG-Ham+Symp,0.00011739103240493221,4.511985606245396e-11,0.0005446570559809175,0.0007185464514142028,0.0007064895551213363,0.0
dynamics_rollout,oscillator_graph_cycle,1,25,SG-Ham+Symp,0.00011739103240493221,4.511985606245396e-11,0.0009333826785423684,0.0017803861579337628,0.0014302905609448182,0.0
dynamics_rollout,oscillator_graph_cycle,1,50,SG-Ham+Symp,0.00011739103240493221,4.511985606245396e-11,0.0017646302567517012,0.0018215869463119561,0.0006857386902509186,0.0
dynamics_rollout,oscillator_graph_cycle,1,100,SG-Ham+Symp,0.00011739103240493221,4.511985606245396e-11,0.0029233552633763115,0.0016892643118613215,0.0009368783068689068,0.0
dynamics_rollout,oscillator_graph_cycle,1,250,SG-Ham+Symp,0.00011739103240493221,4.511985606245396e-11,0.007787481733905549,0.0018324840289407156,0.0012238723217230364,0.0
dynamics_rollout,oscillator_graph_cycle,1,500,SG-Ham+Symp,0.00011739103240493221,4.511985606245396e-11,0.01565530087288718,0.0020738834192084066,0.0005250580801264538,0.0
dynamics_rollout,oscillator_graph_cycle,1,1,DirectGraphNext,1.991249192188562e-05,6.537834114815343e-06,5.632501332636649e-06,3.444099049380395e-05,3.444099049380395e-05,0.0
dynamics_rollout,oscillator_graph_cycle,1,10,DirectGraphNext,1.991249192188562e-05,6.537834114815343e-06,3.927560117098337e-05,0.0003580225873099574,0.0003555748597777522,0.0
dynamics_rollout,oscillator_graph_cycle,1,25,DirectGraphNext,1.991249192188562e-05,6.537834114815343e-06,7.2710234208538e-05,0.0008420901331105714,0.0006439312146091716,0.0
dynamics_rollout,oscillator_graph_cycle,1,50,DirectGraphNext,1.991249192188562e-05,6.537834114815343e-06,0.00012967276062098238,0.0008512490520076639,0.00033350002929114707,0.0
dynamics_rollout,oscillator_graph_cycle,1,100,DirectGraphNext,1.991249192188562e-05,6.537834114815343e-06,0.00022180920536705269,0.0007883492522380192,0.0003999549242788109,0.0
dynamics_rollout,oscillator_graph_cycle,1,250,DirectGraphNext,1.991249192188562e-05,6.537834114815343e-06,0.0005578951080516162,0.0008403568700991564,0.000449925558351112,0.0
dynamics_rollout,oscillator_graph_cycle,1,500,DirectGraphNext,1.991249192188562e-05,6.537834114815343e-06,0.0011583879627723231,0.0009737267585790598,0.0003165836075716183,0.0
dynamics_rollout,oscillator_graph_cycle,1,1,GraphEuler,1.9912675557703472e-05,6.51314596630303e-06,5.632076581063535e-06,3.444093796233624e-05,3.444093796233624e-05,0.0
dynamics_rollout,oscillator_graph_cycle,1,10,GraphEuler,1.9912675557703472e-05,6.51314596630303e-06,3.927075228333605e-05,0.0003579867284237307,0.00035553200456311745,0.0
dynamics_rollout,oscillator_graph_cycle,1,25,GraphEuler,1.9912675557703472e-05,6.51314596630303e-06,7.270102597108323e-05,0.0008420081597041747,0.0006438231427838266,0.0
dynamics_rollout,oscillator_graph_cycle,1,50,GraphEuler,1.9912675557703472e-05,6.51314596630303e-06,0.00012965241227547665,0.0008511230273510487,0.00033324227003131125,0.0
dynamics_rollout,oscillator_graph_cycle,1,100,GraphEuler,1.9912675557703472e-05,6.51314596630303e-06,0.00022177533176917247,0.0007881683274175462,0.00039949688017828605,0.0
dynamics_rollout,oscillator_graph_cycle,1,250,GraphEuler,1.9912675557703472e-05,6.51314596630303e-06,0.0005578054523928447,0.0008402685231023533,0.0004495295624937177,0.0
dynamics_rollout,oscillator_graph_cycle,1,500,GraphEuler,1.9912675557703472e-05,6.51314596630303e-06,0.0011582105506767679,0.0009737972465771438,0.00031765086850434775,0.0
dynamics_rollout,oscillator_graph_cycle,1,1,SympNoGraph,0.024849877314557848,3.28642363588114e-11,0.017514708751754645,0.006596954170563518,0.006596954170563518,0.0
dynamics_rollout,oscillator_graph_cycle,1,10,SympNoGraph,0.024849877314557848,3.28642363588114e-11,0.12075036341281731,0.07551063460451478,0.07510795635188999,0.0
dynamics_rollout,oscillator_graph_cycle,1,25,SympNoGraph,0.024849877314557848,3.28642363588114e-11,0.2257909431202828,0.13007430272336715,0.10189367859869825,0.0
dynamics_rollout,oscillator_graph_cycle,1,50,SympNoGraph,0.024849877314557848,3.28642363588114e-11,0.3677724926866757,0.10940318723761062,0.02608167431993877,0.0
dynamics_rollout,oscillator_graph_cycle,1,100,SympNoGraph,0.024849877314557848,3.28642363588114e-11,0.6337162042504766,0.12954422361295648,0.06399758153205888,0.0
dynamics_rollout,oscillator_graph_cycle,1,250,SympNoGraph,0.024849877314557848,3.28642363588114e-11,1.1982200723995151,0.11790086274686844,0.08747706333853789,0.0
dynamics_rollout,oscillator_graph_cycle,1,500,SympNoGraph,0.024849877314557848,3.28642363588114e-11,1.1478907653128225,0.15964002789305218,0.09072949109311274,0.0
dynamics_rollout,oscillator_graph_cycle,1,1,DenseLinearNext,2.419224552570395e-08,2.402687241962122e-07,1.8014496094720294e-08,3.5591136088045955e-05,3.5591136088045955e-05,0.0
dynamics_rollout,oscillator_graph_cycle,1,10,DenseLinearNext,2.419224552570395e-08,2.402687241962122e-07,1.5612517828057925e-07,0.00035399149070460873,0.0003503955534122382,0.0
dynamics_rollout,oscillator_graph_cycle,1,25,DenseLinearNext,2.419224552570395e-08,2.402687241962122e-07,4.291226483195584e-07,0.0008588998149607528,0.0006719380427176545,0.0
dynamics_rollout,oscillator_graph_cycle,1,50,DenseLinearNext,2.419224552570395e-08,2.402687241962122e-07,8.577263636812079e-07,0.0008415673953270025,0.0003629467581954531,0.0
dynamics_rollout,oscillator_graph_cycle,1,100,DenseLinearNext,2.419224552570395e-08,2.402687241962122e-07,1.5678599569702837e-06,0.0008047837826479219,0.0004565502497281432,0.0
dynamics_rollout,oscillator_graph_cycle,1,250,DenseLinearNext,2.419224552570395e-08,2.402687241962122e-07,4.146785295027762e-06,0.0008761794281981739,0.0005945252190278636,0.0
dynamics_rollout,oscillator_graph_cycle,1,500,DenseLinearNext,2.419224552570395e-08,2.402687241962122e-07,8.207727362169889e-06,0.0010215272775945224,0.0002943656138900254,0.0
dynamics_rollout,harmonic_oscillator,2,1,SG-Ham+Symp,7.126842899820999e-05,1.0028553430707528e-11,1.7450356695018114e-05,5.4395037536648814e-05,5.4395037536648814e-05,0.0
dynamics_rollout,harmonic_oscillator,2,10,SG-Ham+Symp,7.126842899820999e-05,1.0028553430707528e-11,0.0001165523508198251,0.00042766208861763107,0.00041775725890933553,0.0
dynamics_rollout,harmonic_oscillator,2,25,SG-Ham+Symp,7.126842899820999e-05,1.0028553430707528e-11,0.00031163747462590224,0.0011097751434038371,0.0010368054221350888,0.0
dynamics_rollout,harmonic_oscillator,2,50,SG-Ham+Symp,7.126842899820999e-05,1.0028553430707528e-11,0.0005945503081523822,0.0012396632661176097,0.0004368056690217234,0.0
dynamics_rollout,harmonic_oscillator,2,100,SG-Ham+Symp,7.126842899820999e-05,1.0028553430707528e-11,0.000940539533558017,0.0012760223370565944,0.0009465625789392078,0.0
dynamics_rollout,harmonic_oscillator,2,250,SG-Ham+Symp,7.126842899820999e-05,1.0028553430707528e-11,0.0021214740406844306,0.001235715100694526,6.583168517046796e-05,0.0
dynamics_rollout,harmonic_oscillator,2,500,SG-Ham+Symp,7.126842899820999e-05,1.0028553430707528e-11,0.004442462487416443,0.0011637578446858018,0.00015102426883016533,0.0
dynamics_rollout,harmonic_oscillator,2,1,DirectGraphNext,2.2372985918314505e-08,7.832386273287555e-08,1.754817555369386e-08,2.256713427223655e-05,2.256713427223655e-05,0.0
dynamics_rollout,harmonic_oscillator,2,10,DirectGraphNext,2.2372985918314505e-08,7.832386273287555e-08,1.1733595554836232e-07,0.00017732737516688976,0.00017322632189085266,0.0
dynamics_rollout,harmonic_oscillator,2,25,DirectGraphNext,2.2372985918314505e-08,7.832386273287555e-08,3.3658212846211307e-07,0.00046074148584282563,0.00043050239231452844,0.0
dynamics_rollout,harmonic_oscillator,2,50,DirectGraphNext,2.2372985918314505e-08,7.832386273287555e-08,6.03748968467094e-07,0.0005140977934214826,0.00018230619377768818,0.0
dynamics_rollout,harmonic_oscillator,2,100,DirectGraphNext,2.2372985918314505e-08,7.832386273287555e-08,1.1194146503869592e-06,0.0005323150827779327,0.00039489424484324406,0.0
dynamics_rollout,harmonic_oscillator,2,250,DirectGraphNext,2.2372985918314505e-08,7.832386273287555e-08,2.6208905579695246e-06,0.0005187229296374141,2.780610877505488e-05,0.0
dynamics_rollout,harmonic_oscillator,2,500,DirectGraphNext,2.2372985918314505e-08,7.832386273287555e-08,5.5813163491268256e-06,0.0004942106967323335,5.766146836195073e-05,0.0
dynamics_rollout,harmonic_oscillator,2,1,GraphEuler,1.2867047076370374e-09,8.066467764609148e-12,8.822430272736368e-10,2.256495185129834e-05,2.256495185129834e-05,0.0
dynamics_rollout,harmonic_oscillator,2,10,GraphEuler,1.2867047076370374e-09,8.066467764609148e-12,5.9839816000342e-09,0.00017741186954835396,0.00017329571906047887,0.0
dynamics_rollout,harmonic_oscillator,2,25,GraphEuler,1.2867047076370374e-09,8.066467764609148e-12,1.68304470403389e-08,0.0004603531692817361,0.00043007662828985015,0.0
dynamics_rollout,harmonic_oscillator,2,50,GraphEuler,1.2867047076370374e-09,8.066467764609148e-12,3.0546898304562074e-08,0.0005140076198585385,0.000180928222243319,0.0
dynamics_rollout,harmonic_oscillator,2,100,GraphEuler,1.2867047076370374e-09,8.066467764609148e-12,5.624201556813438e-08,0.0005292408520925657,0.0003920621199238815,0.0
dynamics_rollout,harmonic_oscillator,2,250,GraphEuler,1.2867047076370374e-09,8.066467764609148e-12,1.320385529699588e-07,0.0005124399067185833,2.515868994391972e-05,0.0
dynamics_rollout,harmonic_oscillator,2,500,GraphEuler,1.2867047076370374e-09,8.066467764609148e-12,2.813366535542207e-07,0.0004825360881752533,5.771348342979061e-05,0.0
dynamics_rollout,harmonic_oscillator,2,1,SympNoGraph,7.126842899820999e-05,1.0028553430707528e-11,1.7450356695018114e-05,5.4395037536648814e-05,5.4395037536648814e-05,0.0
dynamics_rollout,harmonic_oscillator,2,10,SympNoGraph,7.126842899820999e-05,1.0028553430707528e-11,0.0001165523508198251,0.00042766208861763107,0.00041775725890933553,0.0
dynamics_rollout,harmonic_oscillator,2,25,SympNoGraph,7.126842899820999e-05,1.0028553430707528e-11,0.00031163747462590224,0.0011097751434038371,0.0010368054221350888,0.0
dynamics_rollout,harmonic_oscillator,2,50,SympNoGraph,7.126842899820999e-05,1.0028553430707528e-11,0.0005945503081523822,0.0012396632661176097,0.0004368056690217234,0.0
dynamics_rollout,harmonic_oscillator,2,100,SympNoGraph,7.126842899820999e-05,1.0028553430707528e-11,0.000940539533558017,0.0012760223370565944,0.0009465625789392078,0.0
dynamics_rollout,harmonic_oscillator,2,250,SympNoGraph,7.126842899820999e-05,1.0028553430707528e-11,0.0021214740406844306,0.001235715100694526,6.583168517046796e-05,0.0
dynamics_rollout,harmonic_oscillator,2,500,SympNoGraph,7.126842899820999e-05,1.0028553430707528e-11,0.004442462487416443,0.0011637578446858018,0.00015102426883016533,0.0
dynamics_rollout,harmonic_oscillator,2,1,DenseLinearNext,2.2372985918994428e-08,7.832383820018087e-08,1.754817555141329e-08,2.256713427223937e-05,2.256713427223937e-05,0.0
dynamics_rollout,harmonic_oscillator,2,10,DenseLinearNext,2.2372985918994428e-08,7.832383820018087e-08,1.1733595554282672e-07,0.00017732737516688307,0.000173226321890846,0.0
dynamics_rollout,harmonic_oscillator,2,25,DenseLinearNext,2.2372985918994428e-08,7.832383820018087e-08,3.365821284631634e-07,0.00046074148584285057,0.00043050239231455484,0.0
dynamics_rollout,harmonic_oscillator,2,50,DenseLinearNext,2.2372985918994428e-08,7.832383820018087e-08,6.037489684529133e-07,0.0005140977934214307,0.00018230619377767056,0.0
dynamics_rollout,harmonic_oscillator,2,100,DenseLinearNext,2.2372985918994428e-08,7.832383820018087e-08,1.1194146503284798e-06,0.000532315082777579,0.0003948942448429895,0.0
dynamics_rollout,harmonic_oscillator,2,250,DenseLinearNext,2.2372985918994428e-08,7.832383820018087e-08,2.6208905581232577e-06,0.0005187229296377754,2.7806108775168913e-05,0.0
dynamics_rollout,harmonic_oscillator,2,500,DenseLinearNext,2.2372985918994428e-08,7.832383820018087e-08,5.5813163493130305e-06,0.0004942106967326176,5.766146836270224e-05,0.0
dynamics_rollout,spring_mass_chain,2,1,SG-Ham+Symp,0.00015138298417732583,4.170504091068292e-11,9.230184756530032e-05,4.5000539331971996e-05,4.5000539331971996e-05,0.0
dynamics_rollout,spring_mass_chain,2,10,SG-Ham+Symp,0.00015138298417732583,4.170504091068292e-11,0.0006510388147069139,0.0008015148497251155,0.0007963395588320791,0.0
dynamics_rollout,spring_mass_chain,2,25,SG-Ham+Symp,0.00015138298417732583,4.170504091068292e-11,0.0011702591730472073,0.001884405589075546,0.0015726119270406118,0.0
dynamics_rollout,spring_mass_chain,2,50,SG-Ham+Symp,0.00015138298417732583,4.170504091068292e-11,0.0021052124117176096,0.001894441283577808,0.0009867655282317232,0.0
dynamics_rollout,spring_mass_chain,2,100,SG-Ham+Symp,0.00015138298417732583,4.170504091068292e-11,0.0037945945197701836,0.001880019611272746,0.0011937747878421848,0.0
dynamics_rollout,spring_mass_chain,2,250,SG-Ham+Symp,0.00015138298417732583,4.170504091068292e-11,0.008564329008727606,0.001963571524149442,0.001102903375620418,0.0
dynamics_rollout,spring_mass_chain,2,500,SG-Ham+Symp,0.00015138298417732583,4.170504091068292e-11,0.020740760412846154,0.002204716885638955,0.0009659047938208265,0.0
dynamics_rollout,spring_mass_chain,2,1,DirectGraphNext,1.9318214701584013e-05,2.7825573610615726e-06,4.975902046282517e-06,1.93294385020847e-05,1.93294385020847e-05,0.0
dynamics_rollout,spring_mass_chain,2,10,DirectGraphNext,1.9318214701584013e-05,2.7825573610615726e-06,3.828955638671859e-05,0.00034649319311036187,0.0003462769723755643,0.0
dynamics_rollout,spring_mass_chain,2,25,DirectGraphNext,1.9318214701584013e-05,2.7825573610615726e-06,7.453250230773818e-05,0.0008278843843073205,0.0006988554156351544,0.0
dynamics_rollout,spring_mass_chain,2,50,DirectGraphNext,1.9318214701584013e-05,2.7825573610615726e-06,0.0001268323421228179,0.0008255021806365285,0.0004168962036235822,0.0
dynamics_rollout,spring_mass_chain,2,100,DirectGraphNext,1.9318214701584013e-05,2.7825573610615726e-06,0.0002229885915177226,0.0008010635417709782,0.0004840988265258546,0.0
dynamics_rollout,spring_mass_chain,2,250,DirectGraphNext,1.9318214701584013e-05,2.7825573610615726e-06,0.0005088620739590938,0.0008757102053986952,0.000496652804702589,0.0
dynamics_rollout,spring_mass_chain,2,500,DirectGraphNext,1.9318214701584013e-05,2.7825573610615726e-06,0.0011667178774927278,0.000996038832619729,0.00041808272223018756,0.0
dynamics_rollout,spring_mass_chain,2,1,GraphEuler,1.9318369864479867e-05,2.7552099615519135e-06,4.975892840548847e-06,1.9328475305597085e-05,1.9328475305597085e-05,0.0
dynamics_rollout,spring_mass_chain,2,10,GraphEuler,1.9318369864479867e-05,2.7552099615519135e-06,3.828577677398e-05,0.0003464634898508487,0.00034624756200793395,0.0
dynamics_rollout,spring_mass_chain,2,25,GraphEuler,1.9318369864479867e-05,2.7552099615519135e-06,7.452275959889742e-05,0.000827792091642669,0.0006987475192665147,0.0
dynamics_rollout,spring_mass_chain,2,50,GraphEuler,1.9318369864479867e-05,2.7552099615519135e-06,0.0001268295710051729,0.0008253813403898634,0.0004168025328678225,0.0
dynamics_rollout,spring_mass_chain,2,100,GraphEuler,1.9318369864479867e-05,2.7552099615519135e-06,0.00022296974105138326,0.0008010061670791382,0.000483830865623269,0.0
dynamics_rollout,spring_mass_chain,2,250,GraphEuler,1.9318369864479867e-05,2.7552099615519135e-06,0.0005088254306485141,0.0008750700325988485,0.0004955646173706922,0.0
dynamics_rollout,spring_mass_chain,2,500,GraphEuler,1.9318369864479867e-05,2.7552099615519135e-06,0.0011666455289377473,0.0009951038659711412,0.0004166284292669187,0.0
dynamics_rollout,spring_mass_chain,2,1,SympNoGraph,0.024678265786487807,3.06399548397181e-11,0.01595811296783597,0.004985950268732525,0.004985950268732525,0.0
dynamics_rollout,spring_mass_chain,2,10,SympNoGraph,0.024678265786487807,3.06399548397181e-11,0.11982206464754896,0.04169553787899627,0.038752895530525494,0.0
dynamics_rollout,spring_mass_chain,2,25,SympNoGraph,0.024678265786487807,3.06399548397181e-11,0.2359005535345394,0.12305545963474351,0.10122601297320603,0.0
dynamics_rollout,spring_mass_chain,2,50,SympNoGraph,0.024678265786487807,3.06399548397181e-11,0.3859999143071125,0.14542861246777264,0.024083406309331683,0.0
dynamics_rollout,spring_mass_chain,2,100,SympNoGraph,0.024678265786487807,3.06399548397181e-11,0.6841008618750536,0.1271538188373731,0.05337556506908075,0.0
dynamics_rollout,spring_mass_chain,2,250,SympNoGraph,0.024678265786487807,3.06399548397181e-11,1.137237831628538,0.12053644379793708,0.09989078555580562,0.0
dynamics_rollout,spring_mass_chain,2,500,SympNoGraph,0.024678265786487807,3.06399548397181e-11,1.3262533669781515,0.12917720884509673,0.0348067544627284,0.0
dynamics_rollout,spring_mass_chain,2,1,DenseLinearNext,2.5413799003842046e-08,2.4795483020620847e-07,1.717842923681556e-08,1.9108238123286694e-05,1.9108238123286694e-05,0.0
dynamics_rollout,spring_mass_chain,2,10,DenseLinearNext,2.5413799003842046e-08,2.4795483020620847e-07,1.4694456280213617e-07,0.00034106798259904723,0.0003390830588370383,0.0
dynamics_rollout,spring_mass_chain,2,25,DenseLinearNext,2.5413799003842046e-08,2.4795483020620847e-07,4.5383962590109023e-07,0.0008173267160743219,0.000689590853018107,0.0
dynamics_rollout,spring_mass_chain,2,50,DenseLinearNext,2.5413799003842046e-08,2.4795483020620847e-07,8.502774328905733e-07,0.000828725840576487,0.0004379810274368473,0.0
dynamics_rollout,spring_mass_chain,2,100,DenseLinearNext,2.5413799003842046e-08,2.4795483020620847e-07,1.7354642004305685e-06,0.0008232407900312091,0.0005201841427313261,0.0
dynamics_rollout,spring_mass_chain,2,250,DenseLinearNext,2.5413799003842046e-08,2.4795483020620847e-07,4.034660714597351e-06,0.0008698111177500292,0.00048035089025438046,0.0
dynamics_rollout,spring_mass_chain,2,500,DenseLinearNext,2.5413799003842046e-08,2.4795483020620847e-07,8.995585211724023e-06,0.0009633253190512626,0.00044504676867693275,0.0
dynamics_rollout,oscillator_graph_cycle,2,1,SG-Ham+Symp,0.0001697329226516251,4.4471222685681175e-11,0.00010338208145880417,4.517315401216724e-05,4.517315401216724e-05,0.0
dynamics_rollout,oscillator_graph_cycle,2,10,SG-Ham+Symp,0.0001697329226516251,4.4471222685681175e-11,0.0007499102680828396,0.0008877869727513441,0.000879692026762972,0.0
dynamics_rollout,oscillator_graph_cycle,2,25,SG-Ham+Symp,0.0001697329226516251,4.4471222685681175e-11,0.0012945210898435524,0.0020572996988454297,0.0016413044995496843,0.0
dynamics_rollout,oscillator_graph_cycle,2,50,SG-Ham+Symp,0.0001697329226516251,4.4471222685681175e-11,0.0024100130294481617,0.002086412008476057,0.0012644368401277918,0.0
dynamics_rollout,oscillator_graph_cycle,2,100,SG-Ham+Symp,0.0001697329226516251,4.4471222685681175e-11,0.004147807168439049,0.001984402372066271,0.0011622857476399106,0.0
dynamics_rollout,oscillator_graph_cycle,2,250,SG-Ham+Symp,0.0001697329226516251,4.4471222685681175e-11,0.009462486493025809,0.0020914119405306283,0.0014146431078138155,0.0
dynamics_rollout,oscillator_graph_cycle,2,500,SG-Ham+Symp,0.0001697329226516251,4.4471222685681175e-11,0.02317513616423536,0.0023674797700945134,0.0005639932047033822,0.0
dynamics_rollout,oscillator_graph_cycle,2,1,DirectGraphNext,1.9659760104433736e-05,2.7012188474463715e-06,5.14165413121678e-06,1.9508491159171284e-05,1.9508491159171284e-05,0.0
dynamics_rollout,oscillator_graph_cycle,2,10,DirectGraphNext,1.9659760104433736e-05,2.7012188474463715e-06,4.1412279199650754e-05,0.0003824980843448924,0.00037874970916938755,0.0
dynamics_rollout,oscillator_graph_cycle,2,25,DirectGraphNext,1.9659760104433736e-05,2.7012188474463715e-06,7.27131672017776e-05,0.0008921772568815774,0.0007255747533032717,0.0
dynamics_rollout,oscillator_graph_cycle,2,50,DirectGraphNext,1.9659760104433736e-05,2.7012188474463715e-06,0.00012369720947599016,0.000902907370632461,0.0005409673117900126,0.0
dynamics_rollout,oscillator_graph_cycle,2,100,DirectGraphNext,1.9659760104433736e-05,2.7012188474463715e-06,0.00022802413034737705,0.0008514978297197911,0.00048744217464034525,0.0
dynamics_rollout,oscillator_graph_cycle,2,250,DirectGraphNext,1.9659760104433736e-05,2.7012188474463715e-06,0.0005166926703998896,0.0009556071749689818,0.0006791665085078676,0.0
dynamics_rollout,oscillator_graph_cycle,2,500,DirectGraphNext,1.9659760104433736e-05,2.7012188474463715e-06,0.0012018005408882242,0.0010881193621095787,0.0003431886819316472,0.0
dynamics_rollout,oscillator_graph_cycle,2,1,GraphEuler,1.9659838507243202e-05,2.6724161539976977e-06,5.141813743049387e-06,1.9506702859251963e-05,1.9506702859251963e-05,0.0
dynamics_rollout,oscillator_graph_cycle,2,10,GraphEuler,1.9659838507243202e-05,2.6724161539976977e-06,4.140804428115036e-05,0.00038246298691059174,0.00037871413884571053,0.0
dynamics_rollout,oscillator_graph_cycle,2,25,GraphEuler,1.9659838507243202e-05,2.6724161539976977e-06,7.270004632167374e-05,0.0008920920696032261,0.0007254751953594476,0.0
dynamics_rollout,oscillator_graph_cycle,2,50,GraphEuler,1.9659838507243202e-05,2.6724161539976977e-06,0.00012369274501311677,0.0009028046648948696,0.0005408480284081954,0.0
dynamics_rollout,oscillator_graph_cycle,2,100,GraphEuler,1.9659838507243202e-05,2.6724161539976977e-06,0.0002280061987647245,0.0008514294132660468,0.00048727295397025795,0.0
dynamics_rollout,oscillator_graph_cycle,2,250,GraphEuler,1.9659838507243202e-05,2.6724161539976977e-06,0.0005166570355624596,0.000954680833024904,0.0006779787982942984,0.0
dynamics_rollout,oscillator_graph_cycle,2,500,GraphEuler,1.9659838507243202e-05,2.6724161539976977e-06,0.0012017309714829833,0.0010869307792162467,0.0003421856892610992,0.0
dynamics_rollout,oscillator_graph_cycle,2,1,SympNoGraph,0.024988603548919238,3.4888927247786996e-11,0.01619701266115403,0.003854565835506953,0.003854565835506953,0.0
dynamics_rollout,oscillator_graph_cycle,2,10,SympNoGraph,0.024988603548919238,3.4888927247786996e-11,0.1224289954304314,0.05012612890694045,0.048432683344936306,0.0
dynamics_rollout,oscillator_graph_cycle,2,25,SympNoGraph,0.024988603548919238,3.4888927247786996e-11,0.2414597005521173,0.1349877935084464,0.11131956465777755,0.0
dynamics_rollout,oscillator_graph_cycle,2,50,SympNoGraph,0.024988603548919238,3.4888927247786996e-11,0.39075489607948666,0.13513940926466717,0.02831050956290862,0.0
dynamics_rollout,oscillator_graph_cycle,2,100,SympNoGraph,0.024988603548919238,3.4888927247786996e-11,0.68964546925261,0.1230891869912233,0.08152342446432105,0.0
dynamics_rollout,oscillator_graph_cycle,2,250,SympNoGraph,0.024988603548919238,3.4888927247786996e-11,1.1735549756532484,0.1325248154305416,0.10133569477664849,0.0
dynamics_rollout,oscillator_graph_cycle,2,500,SympNoGraph,0.024988603548919238,3.4888927247786996e-11,1.2262910131129423,0.12546908074905397,0.0637081662994549,0.0
dynamics_rollout,oscillator_graph_cycle,2,1,DenseLinearNext,2.5405708572624017e-08,2.479592502630762e-07,1.7180795620781723e-08,1.9118352262594954e-05,1.9118352262594954e-05,0.0
dynamics_rollout,oscillator_graph_cycle,2,10,DenseLinearNext,2.5405708572624017e-08,2.479592502630762e-07,1.4787625939572308e-07,0.0003778363830227545,0.0003740573081545211,0.0
dynamics_rollout,oscillator_graph_cycle,2,25,DenseLinearNext,2.5405708572624017e-08,2.479592502630762e-07,4.653729659365261e-07,0.0008921420917392847,0.0007223352631423883,0.0
dynamics_rollout,oscillator_graph_cycle,2,50,DenseLinearNext,2.5405708572624017e-08,2.479592502630762e-07,8.589506081618736e-07,0.0009014957707663245,0.0005538976410856772,0.0
dynamics_rollout,oscillator_graph_cycle,2,100,DenseLinearNext,2.5405708572624017e-08,2.479592502630762e-07,1.7465881451859358e-06,0.0008723735913020945,0.0005043947496792572,0.0
dynamics_rollout,oscillator_graph_cycle,2,250,DenseLinearNext,2.5405708572624017e-08,2.479592502630762e-07,4.0619471962023415e-06,0.0009378269786913603,0.000634502120402386,0.0
dynamics_rollout,oscillator_graph_cycle,2,500,DenseLinearNext,2.5405708572624017e-08,2.479592502630762e-07,9.088313838310339e-06,0.001037857937867661,0.0002702543432043303,0.0
dynamics_rollout,harmonic_oscillator,3,1,SG-Ham+Symp,8.386736827855614e-05,4.877394092203732e-12,2.9275887083100996e-05,5.630733121310358e-05,5.630733121310358e-05,0.0
dynamics_rollout,harmonic_oscillator,3,10,SG-Ham+Symp,8.386736827855614e-05,4.877394092203732e-12,0.0003784531354618065,0.0005625591871427972,0.0005444581811831522,0.0
dynamics_rollout,harmonic_oscillator,3,25,SG-Ham+Symp,8.386736827855614e-05,4.877394092203732e-12,0.0006169806250867286,0.0013949474309177933,0.0012789089153375625,0.0
dynamics_rollout,harmonic_oscillator,3,50,SG-Ham+Symp,8.386736827855614e-05,4.877394092203732e-12,0.0008284051253541477,0.0018016423332149936,0.000669702172783876,0.0
dynamics_rollout,harmonic_oscillator,3,100,SG-Ham+Symp,8.386736827855614e-05,4.877394092203732e-12,0.0019523878802054605,0.0017871373253714722,0.0014025031868296547,0.0
dynamics_rollout,harmonic_oscillator,3,250,SG-Ham+Symp,8.386736827855614e-05,4.877394092203732e-12,0.004924781396885364,0.001714163985722024,0.00011647186595601206,0.0
dynamics_rollout,harmonic_oscillator,3,500,SG-Ham+Symp,8.386736827855614e-05,4.877394092203732e-12,0.008897367376475883,0.0018840809133321855,0.00017736424150611757,0.0
dynamics_rollout,harmonic_oscillator,3,1,DirectGraphNext,2.1987417494475402e-08,7.763754119911312e-08,1.6703021378130365e-08,1.6172982763143543e-05,1.6172982763143543e-05,0.0
dynamics_rollout,harmonic_oscillator,3,10,DirectGraphNext,2.1987417494475402e-08,7.763754119911312e-08,1.2545757106585752e-07,0.0001614286021505399,0.0001562410808875247,0.0
dynamics_rollout,harmonic_oscillator,3,25,DirectGraphNext,2.1987417494475402e-08,7.763754119911312e-08,2.9546699086586887e-07,0.00040007618231438914,0.0003668327518879641,0.0
dynamics_rollout,harmonic_oscillator,3,50,DirectGraphNext,2.1987417494475402e-08,7.763754119911312e-08,6.267031575604276e-07,0.0005169569290888973,0.00019072352922772312,0.0
dynamics_rollout,harmonic_oscillator,3,100,DirectGraphNext,2.1987417494475402e-08,7.763754119911312e-08,1.2576021448969145e-06,0.0005146720833714686,0.00040466420210858524,0.0
dynamics_rollout,harmonic_oscillator,3,250,DirectGraphNext,2.1987417494475402e-08,7.763754119911312e-08,3.358020700926625e-06,0.0004991230823413969,3.4465063637520386e-05,0.0
dynamics_rollout,harmonic_oscillator,3,500,DirectGraphNext,2.1987417494475402e-08,7.763754119911312e-08,6.314928392193663e-06,0.0005590044778157402,4.525888619146636e-05,0.0
dynamics_rollout,harmonic_oscillator,3,1,GraphEuler,1.2629092971105453e-09,7.0650235409630205e-12,8.37608375529247e-10,1.6156350543095042e-05,1.6156350543095042e-05,0.0
dynamics_rollout,harmonic_oscillator,3,10,GraphEuler,1.2629092971105453e-09,7.0650235409630205e-12,6.375847966096899e-09,0.00016141819794377384,0.0001562153249109998,0.0
dynamics_rollout,harmonic_oscillator,3,25,GraphEuler,1.2629092971105453e-09,7.0650235409630205e-12,1.4933217651506964e-08,0.00040019019984340997,0.0003669170735020528,0.0
dynamics_rollout,harmonic_oscillator,3,50,GraphEuler,1.2629092971105453e-09,7.0650235409630205e-12,3.158107792420492e-08,0.0005166090108735169,0.00019149642783622523,0.0
dynamics_rollout,harmonic_oscillator,3,100,GraphEuler,1.2629092971105453e-09,7.0650235409630205e-12,6.339386652560527e-08,0.0005125385230733854,0.0004019307723200874,0.0
dynamics_rollout,harmonic_oscillator,3,250,GraphEuler,1.2629092971105453e-09,7.0650235409630205e-12,1.6927631887859488e-07,0.0004915974085809238,2.8935429595143736e-05,0.0
dynamics_rollout,harmonic_oscillator,3,500,GraphEuler,1.2629092971105453e-09,7.0650235409630205e-12,3.1827512616095936e-07,0.0005404109807958865,4.417363205894525e-05,0.0
dynamics_rollout,harmonic_oscillator,3,1,SympNoGraph,8.386736827855614e-05,4.877394092203732e-12,2.9275887083100996e-05,5.630733121310358e-05,5.630733121310358e-05,0.0
dynamics_rollout,harmonic_oscillator,3,10,SympNoGraph,8.386736827855614e-05,4.877394092203732e-12,0.0003784531354618065,0.0005625591871427972,0.0005444581811831522,0.0
dynamics_rollout,harmonic_oscillator,3,25,SympNoGraph,8.386736827855614e-05,4.877394092203732e-12,0.0006169806250867286,0.0013949474309177933,0.0012789089153375625,0.0
dynamics_rollout,harmonic_oscillator,3,50,SympNoGraph,8.386736827855614e-05,4.877394092203732e-12,0.0008284051253541477,0.0018016423332149936,0.000669702172783876,0.0
dynamics_rollout,harmonic_oscillator,3,100,SympNoGraph,8.386736827855614e-05,4.877394092203732e-12,0.0019523878802054605,0.0017871373253714722,0.0014025031868296547,0.0
dynamics_rollout,harmonic_oscillator,3,250,SympNoGraph,8.386736827855614e-05,4.877394092203732e-12,0.004924781396885364,0.001714163985722024,0.00011647186595601206,0.0
dynamics_rollout,harmonic_oscillator,3,500,SympNoGraph,8.386736827855614e-05,4.877394092203732e-12,0.008897367376475883,0.0018840809133321855,0.00017736424150611757,0.0
dynamics_rollout,harmonic_oscillator,3,1,DenseLinearNext,2.198741749864935e-08,7.763654882217462e-08,1.6703021378090402e-08,1.6172982763143543e-05,1.6172982763143543e-05,0.0
dynamics_rollout,harmonic_oscillator,3,10,DenseLinearNext,2.198741749864935e-08,7.763654882217462e-08,1.2545757106214153e-07,0.00016142860215056368,0.00015624108088754847,0.0
dynamics_rollout,harmonic_oscillator,3,25,DenseLinearNext,2.198741749864935e-08,7.763654882217462e-08,2.9546699087707834e-07,0.00040007618231447723,0.0003668327518880522,0.0
dynamics_rollout,harmonic_oscillator,3,50,DenseLinearNext,2.198741749864935e-08,7.763654882217462e-08,6.267031575788008e-07,0.0005169569290889571,0.00019072352922756166,0.0
dynamics_rollout,harmonic_oscillator,3,100,DenseLinearNext,2.198741749864935e-08,7.763654882217462e-08,1.2576021448967665e-06,0.0005146720833715533,0.00040466420210879026,0.0
dynamics_rollout,harmonic_oscillator,3,250,DenseLinearNext,2.198741749864935e-08,7.763654882217462e-08,3.358020700860069e-06,0.0004991230823415449,3.446506363732031e-05,0.0
dynamics_rollout,harmonic_oscillator,3,500,DenseLinearNext,2.198741749864935e-08,7.763654882217462e-08,6.314928392095004e-06,0.000559004477815762,4.52588861919215e-05,0.0
dynamics_rollout,spring_mass_chain,3,1,SG-Ham+Symp,0.00011302560806642715,4.020814831452453e-11,7.869698874037833e-05,4.572583754245631e-05,4.572583754245631e-05,0.0
dynamics_rollout,spring_mass_chain,3,10,SG-Ham+Symp,0.00011302560806642715,4.020814831452453e-11,0.000508228355962594,0.0005916147101224807,0.0005730869269979457,0.0
dynamics_rollout,spring_mass_chain,3,25,SG-Ham+Symp,0.00011302560806642715,4.020814831452453e-11,0.000835112689102244,0.0014918889615144124,0.0011239234569280214,0.0
dynamics_rollout,spring_mass_chain,3,50,SG-Ham+Symp,0.00011302560806642715,4.020814831452453e-11,0.001487183861466097,0.001662317378984369,0.0007937386524221023,0.0
dynamics_rollout,spring_mass_chain,3,100,SG-Ham+Symp,0.00011302560806642715,4.020814831452453e-11,0.002496439429567826,0.0015574821117694197,0.0009386993892504447,0.0
dynamics_rollout,spring_mass_chain,3,250,SG-Ham+Symp,0.00011302560806642715,4.020814831452453e-11,0.006698153305009048,0.0015290668458587345,0.0007213195941635345,0.0
dynamics_rollout,spring_mass_chain,3,500,SG-Ham+Symp,0.00011302560806642715,4.020814831452453e-11,0.01388369675543096,0.001739881841978596,0.0007422931053388636,0.0
dynamics_rollout,spring_mass_chain,3,1,DirectGraphNext,1.9106403652116635e-05,2.2201338022077303e-06,5.068765939564607e-06,2.219717648170962e-05,2.219717648170962e-05,0.0
dynamics_rollout,spring_mass_chain,3,10,DirectGraphNext,1.9106403652116635e-05,2.2201338022077303e-06,3.709781030248062e-05,0.00030485720884065865,0.0002962548184961121,0.0
dynamics_rollout,spring_mass_chain,3,25,DirectGraphNext,1.9106403652116635e-05,2.2201338022077303e-06,8.092214199387711e-05,0.0007826773118682235,0.0006066707449690138,0.0
dynamics_rollout,spring_mass_chain,3,50,DirectGraphNext,1.9106403652116635e-05,2.2201338022077303e-06,0.00012443267132785136,0.0008767961615678428,0.00040857272718420505,0.0
dynamics_rollout,spring_mass_chain,3,100,DirectGraphNext,1.9106403652116635e-05,2.2201338022077303e-06,0.00020705758864309777,0.0008080365969597981,0.0004896660162964039,0.0
dynamics_rollout,spring_mass_chain,3,250,DirectGraphNext,1.9106403652116635e-05,2.2201338022077303e-06,0.0005637360645224435,0.0008231453035466978,0.00040346363904786536,0.0
dynamics_rollout,spring_mass_chain,3,500,DirectGraphNext,1.9106403652116635e-05,2.2201338022077303e-06,0.001081537236797265,0.0009340078433680642,0.0004254593345176809,0.0
dynamics_rollout,spring_mass_chain,3,1,GraphEuler,1.910653989408544e-05,2.226323966643896e-06,5.068898287199044e-06,2.2198423449101013e-05,2.2198423449101013e-05,0.0
dynamics_rollout,spring_mass_chain,3,10,GraphEuler,1.910653989408544e-05,2.226323966643896e-06,3.7096081342801695e-05,0.0003048304784525665,0.00029622722645771964,0.0
dynamics_rollout,spring_mass_chain,3,25,GraphEuler,1.910653989408544e-05,2.226323966643896e-06,8.091707739762777e-05,0.0007825919694189249,0.0006065464523037804,0.0
dynamics_rollout,spring_mass_chain,3,50,GraphEuler,1.910653989408544e-05,2.226323966643896e-06,0.00012443408802662503,0.0008766769607894189,0.00040833502780227433,0.0
dynamics_rollout,spring_mass_chain,3,100,GraphEuler,1.910653989408544e-05,2.226323966643896e-06,0.00020705819672452576,0.0008079284466510137,0.0004892120886865613,0.0
dynamics_rollout,spring_mass_chain,3,250,GraphEuler,1.910653989408544e-05,2.226323966643896e-06,0.000563744352052374,0.0008225046899919892,0.0004023927167101778,0.0
dynamics_rollout,spring_mass_chain,3,500,GraphEuler,1.910653989408544e-05,2.226323966643896e-06,0.001081555358237259,0.0009327094715099324,0.00042364080744715745,0.0
dynamics_rollout,spring_mass_chain,3,1,SympNoGraph,0.025036761053720522,3.450721877053787e-11,0.017742304700574762,0.0057298118515833685,0.0057298118515833685,0.0
dynamics_rollout,spring_mass_chain,3,10,SympNoGraph,0.025036761053720522,3.450721877053787e-11,0.12273909455698968,0.05884259867693292,0.056668391178593104,0.0
dynamics_rollout,spring_mass_chain,3,25,SympNoGraph,0.025036761053720522,3.450721877053787e-11,0.2523099109997484,0.16298680638117374,0.14737975047757268,0.0
dynamics_rollout,spring_mass_chain,3,50,SympNoGraph,0.025036761053720522,3.450721877053787e-11,0.3458402916601,0.1069554359841931,0.019931884786095106,0.0
dynamics_rollout,spring_mass_chain,3,100,SympNoGraph,0.025036761053720522,3.450721877053787e-11,0.624699866017494,0.13105825415235237,0.05725620580276224,0.0
dynamics_rollout,spring_mass_chain,3,250,SympNoGraph,0.025036761053720522,3.450721877053787e-11,1.2212910893893176,0.12574745846414498,0.10920000379153744,0.0
dynamics_rollout,spring_mass_chain,3,500,SympNoGraph,0.025036761053720522,3.450721877053787e-11,1.2562967520960393,0.1504720403872137,0.011915719538708283,0.0
dynamics_rollout,spring_mass_chain,3,1,DenseLinearNext,2.540574818961906e-08,2.451918925851098e-07,1.8101026338124183e-08,2.248706863854582e-05,2.248706863854582e-05,0.0
dynamics_rollout,spring_mass_chain,3,10,DenseLinearNext,2.540574818961906e-08,2.451918925851098e-07,1.4682931893962234e-07,0.00030471212147873425,0.0002967940801985114,0.0
dynamics_rollout,spring_mass_chain,3,25,DenseLinearNext,2.540574818961906e-08,2.451918925851098e-07,4.756459551572317e-07,0.0007877955714280082,0.0006107533059100623,0.0
dynamics_rollout,spring_mass_chain,3,50,DenseLinearNext,2.540574818961906e-08,2.451918925851098e-07,8.482642826950419e-07,0.0008484744219715363,0.00040901688271460947,0.0
dynamics_rollout,spring_mass_chain,3,100,DenseLinearNext,2.540574818961906e-08,2.451918925851098e-07,1.5362709892882291e-06,0.000814044061322506,0.0004947645150927141,0.0
dynamics_rollout,spring_mass_chain,3,250,DenseLinearNext,2.540574818961906e-08,2.451918925851098e-07,4.304720224918335e-06,0.0008082439476752917,0.0003818779938138699,0.0
dynamics_rollout,spring_mass_chain,3,500,DenseLinearNext,2.540574818961906e-08,2.451918925851098e-07,8.360860418917436e-06,0.000920979514221455,0.0004181060312757992,0.0
dynamics_rollout,oscillator_graph_cycle,3,1,SG-Ham+Symp,0.00011984939994362666,4.326169433594445e-11,8.284254284024238e-05,4.923716719362788e-05,4.923716719362788e-05,0.0
dynamics_rollout,oscillator_graph_cycle,3,10,SG-Ham+Symp,0.00011984939994362666,4.326169433594445e-11,0.0005417763337407857,0.0006653093232106684,0.0006335428953445723,0.0
dynamics_rollout,oscillator_graph_cycle,3,25,SG-Ham+Symp,0.00011984939994362666,4.326169433594445e-11,0.0008482161693516561,0.001539893166830288,0.0011777689430297032,0.0
dynamics_rollout,oscillator_graph_cycle,3,50,SG-Ham+Symp,0.00011984939994362666,4.326169433594445e-11,0.001665685149423186,0.0018633019314305379,0.0010426564140090522,0.0
dynamics_rollout,oscillator_graph_cycle,3,100,SG-Ham+Symp,0.00011984939994362666,4.326169433594445e-11,0.0025759721699104518,0.001658376362872056,0.000971688858466535,0.0
dynamics_rollout,oscillator_graph_cycle,3,250,SG-Ham+Symp,0.00011984939994362666,4.326169433594445e-11,0.007236804188608901,0.0016790142701375618,0.0011800594876246668,0.0
dynamics_rollout,oscillator_graph_cycle,3,500,SG-Ham+Symp,0.00011984939994362666,4.326169433594445e-11,0.014657742908996055,0.001828799145612731,0.00039020848429685605,0.0
dynamics_rollout,oscillator_graph_cycle,3,1,DirectGraphNext,1.9580172236539083e-05,2.3137708511468688e-06,5.137212637720444e-06,2.4550466893212714e-05,2.4550466893212714e-05,0.0
dynamics_rollout,oscillator_graph_cycle,3,10,DirectGraphNext,1.9580172236539083e-05,2.3137708511468688e-06,3.794554233251048e-05,0.0003477733923148217,0.0003296988376355838,0.0
dynamics_rollout,oscillator_graph_cycle,3,25,DirectGraphNext,1.9580172236539083e-05,2.3137708511468688e-06,8.252354916829046e-05,0.0008233647261128718,0.0006461870578964838,0.0
dynamics_rollout,oscillator_graph_cycle,3,50,DirectGraphNext,1.9580172236539083e-05,2.3137708511468688e-06,0.00012858376492959984,0.0009831204114182492,0.0005427366335888413,0.0
dynamics_rollout,oscillator_graph_cycle,3,100,DirectGraphNext,1.9580172236539083e-05,2.3137708511468688e-06,0.00021033229000769421,0.0008776938533636376,0.0005224857475240697,0.0
dynamics_rollout,oscillator_graph_cycle,3,250,DirectGraphNext,1.9580172236539083e-05,2.3137708511468688e-06,0.000554965955080261,0.0009177680448304726,0.0006771443876717582,0.0
dynamics_rollout,oscillator_graph_cycle,3,500,DirectGraphNext,1.9580172236539083e-05,2.3137708511468688e-06,0.0010668786537650942,0.0009935434173522157,0.0002548791866142684,0.0
dynamics_rollout,oscillator_graph_cycle,3,1,GraphEuler,1.9580362904574632e-05,2.3127007722065335e-06,5.13743286049656e-06,2.455033612326632e-05,2.455033612326632e-05,0.0
dynamics_rollout,oscillator_graph_cycle,3,10,GraphEuler,1.9580362904574632e-05,2.3127007722065335e-06,3.794409691058452e-05,0.00034775172386163414,0.00032966857850170024,0.0
dynamics_rollout,oscillator_graph_cycle,3,25,GraphEuler,1.9580362904574632e-05,2.3127007722065335e-06,8.2513335102431e-05,0.0008232707734892051,0.0006460777348603675,0.0
dynamics_rollout,oscillator_graph_cycle,3,50,GraphEuler,1.9580362904574632e-05,2.3127007722065335e-06,0.00012858522612827424,0.0009830285032480072,0.000542548600654953,0.0
dynamics_rollout,oscillator_graph_cycle,3,100,GraphEuler,1.9580362904574632e-05,2.3127007722065335e-06,0.00021032727044393069,0.0008775479322350225,0.0005220306436755455,0.0
dynamics_rollout,oscillator_graph_cycle,3,250,GraphEuler,1.9580362904574632e-05,2.3127007722065335e-06,0.0005549662143484214,0.0009172020501222441,0.0006759644143133756,0.0
dynamics_rollout,oscillator_graph_cycle,3,500,GraphEuler,1.9580362904574632e-05,2.3127007722065335e-06,0.00106688707744451,0.0009923995030239796,0.00025270849596136506,0.0
dynamics_rollout,oscillator_graph_cycle,3,1,SympNoGraph,0.025406240361948895,2.7399756046389903e-11,0.017873954749875857,0.005205607543988422,0.005205607543988422,0.0
dynamics_rollout,oscillator_graph_cycle,3,10,SympNoGraph,0.025406240361948895,2.7399756046389903e-11,0.12084351620886331,0.05664640546842126,0.055550328044843535,0.0
dynamics_rollout,oscillator_graph_cycle,3,25,SympNoGraph,0.025406240361948895,2.7399756046389903e-11,0.24745758776720325,0.1566376135193769,0.1432328395981323,0.0
dynamics_rollout,oscillator_graph_cycle,3,50,SympNoGraph,0.025406240361948895,2.7399756046389903e-11,0.3459715314145577,0.08733298352934989,0.02898580941327858,0.0
dynamics_rollout,oscillator_graph_cycle,3,100,SympNoGraph,0.025406240361948895,2.7399756046389903e-11,0.6150090185318767,0.1219232426366225,0.06603990610856443,0.0
dynamics_rollout,oscillator_graph_cycle,3,250,SympNoGraph,0.025406240361948895,2.7399756046389903e-11,1.2455844767357536,0.11803426394953037,0.09732745945613679,0.0
dynamics_rollout,oscillator_graph_cycle,3,500,SympNoGraph,0.025406240361948895,2.7399756046389903e-11,1.215923803586424,0.15346830455900676,0.09857935555881077,0.0
dynamics_rollout,oscillator_graph_cycle,3,1,DenseLinearNext,2.5408766752022844e-08,2.45188972576881e-07,1.810304557691328e-08,2.4871896860963428e-05,2.4871896860963428e-05,0.0
dynamics_rollout,oscillator_graph_cycle,3,10,DenseLinearNext,2.5408766752022844e-08,2.45188972576881e-07,1.487923030359374e-07,0.0003450855826856599,0.0003276057461184196,0.0
dynamics_rollout,oscillator_graph_cycle,3,25,DenseLinearNext,2.5408766752022844e-08,2.45188972576881e-07,4.838200337829811e-07,0.0008197844044024891,0.0006408142495648951,0.0
dynamics_rollout,oscillator_graph_cycle,3,50,DenseLinearNext,2.5408766752022844e-08,2.45188972576881e-07,8.619697592037874e-07,0.0009616051708625661,0.0005441290366525234,0.0
dynamics_rollout,oscillator_graph_cycle,3,100,DenseLinearNext,2.5408766752022844e-08,2.45188972576881e-07,1.5591118352142833e-06,0.0008742011372492919,0.0005133282732669182,0.0
dynamics_rollout,oscillator_graph_cycle,3,250,DenseLinearNext,2.5408766752022844e-08,2.45188972576881e-07,4.374325985748308e-06,0.0008913201335133888,0.000622709662659982,0.0
dynamics_rollout,oscillator_graph_cycle,3,500,DenseLinearNext,2.5408766752022844e-08,2.45188972576881e-07,8.441447016318758e-06,0.0009829003220584935,0.000221036491589955,0.0
dynamics_rollout,harmonic_oscillator,4,1,SG-Ham+Symp,6.346396670751621e-05,7.271461261452311e-12,3.934801941489212e-05,7.327995567928769e-05,7.327995567928769e-05,0.0
dynamics_rollout,harmonic_oscillator,4,10,SG-Ham+Symp,6.346396670751621e-05,7.271461261452311e-12,0.00025791285595660866,0.0007372107622202143,0.0007323999014040202,0.0
dynamics_rollout,harmonic_oscillator,4,25,SG-Ham+Symp,6.346396670751621e-05,7.271461261452311e-12,0.0006918115052376481,0.0017093772413758028,0.0016704653029072935,0.0
dynamics_rollout,harmonic_oscillator,4,50,SG-Ham+Symp,6.346396670751621e-05,7.271461261452311e-12,0.0009615780088339905,0.0019152698127991787,0.0009554565988594267,0.0
dynamics_rollout,harmonic_oscillator,4,100,SG-Ham+Symp,6.346396670751621e-05,7.271461261452311e-12,0.0023235831442654006,0.0020443582195174524,0.001733567631132803,0.0
dynamics_rollout,harmonic_oscillator,4,250,SG-Ham+Symp,6.346396670751621e-05,7.271461261452311e-12,0.0035746836742102483,0.0017909570436308506,0.00014033372296073986,0.0
dynamics_rollout,harmonic_oscillator,4,500,SG-Ham+Symp,6.346396670751621e-05,7.271461261452311e-12,0.011132979662787786,0.0019228122848538598,0.00023667586202300985,0.0
dynamics_rollout,harmonic_oscillator,4,1,DirectGraphNext,2.4982985437971668e-08,8.641475975131097e-08,2.014543007295242e-08,1.9301762283368853e-05,1.9301762283368853e-05,0.0
dynamics_rollout,harmonic_oscillator,4,10,DirectGraphNext,2.4982985437971668e-08,8.641475975131097e-08,1.3314136204261203e-07,0.00019409770635650474,0.00019290892952328743,0.0
dynamics_rollout,harmonic_oscillator,4,25,DirectGraphNext,2.4982985437971668e-08,8.641475975131097e-08,2.8705005129181163e-07,0.00045119690516407846,0.0004409104107731057,0.0
dynamics_rollout,harmonic_oscillator,4,50,DirectGraphNext,2.4982985437971668e-08,8.641475975131097e-08,6.205621164626942e-07,0.0005048412604612477,0.00025089667276033444,0.0
dynamics_rollout,harmonic_oscillator,4,100,DirectGraphNext,2.4982985437971668e-08,8.641475975131097e-08,1.5070795681190877e-06,0.000539452034120576,0.0004573982301759334,0.0
dynamics_rollout,harmonic_oscillator,4,250,DirectGraphNext,2.4982985437971668e-08,8.641475975131097e-08,2.518624691995313e-06,0.00047955202563120214,3.357675613214184e-05,0.0
dynamics_rollout,harmonic_oscillator,4,500,DirectGraphNext,2.4982985437971668e-08,8.641475975131097e-08,7.787090631055158e-06,0.0005235125951691184,5.478364887461184e-05,0.0
dynamics_rollout,harmonic_oscillator,4,1,GraphEuler,1.3936439857981919e-09,1.4695520787459353e-10,1.0105173619995664e-09,1.929906714663759e-05,1.929906714663759e-05,0.0
dynamics_rollout,harmonic_oscillator,4,10,GraphEuler,1.3936439857981919e-09,1.4695520787459353e-10,6.679061059190353e-09,0.00019414329780027918,0.000192902564414815,0.0
dynamics_rollout,harmonic_oscillator,4,25,GraphEuler,1.3936439857981919e-09,1.4695520787459353e-10,1.4441765726980108e-08,0.0004504655355544276,0.00044015711499397446,0.0
dynamics_rollout,harmonic_oscillator,4,50,GraphEuler,1.3936439857981919e-09,1.4695520787459353e-10,3.110737208576442e-08,0.0005041391102138318,0.00025065179878069644,0.0
dynamics_rollout,harmonic_oscillator,4,100,GraphEuler,1.3936439857981919e-09,1.4695520787459353e-10,7.55797300803147e-08,0.0005380247472570951,0.0004559720710706654,0.0
dynamics_rollout,harmonic_oscillator,4,250,GraphEuler,1.3936439857981919e-09,1.4695520787459353e-10,1.2635342100345157e-07,0.0004714271484756666,3.1607018707062365e-05,0.0
dynamics_rollout,harmonic_oscillator,4,500,GraphEuler,1.3936439857981919e-09,1.4695520787459353e-10,3.906199249351876e-07,0.0005061183648887591,5.3417834412317304e-05,0.0
dynamics_rollout,harmonic_oscillator,4,1,SympNoGraph,6.346396670751621e-05,7.271461261452311e-12,3.934801941489212e-05,7.327995567928769e-05,7.327995567928769e-05,0.0
dynamics_rollout,harmonic_oscillator,4,10,SympNoGraph,6.346396670751621e-05,7.271461261452311e-12,0.00025791285595660866,0.0007372107622202143,0.0007323999014040202,0.0
dynamics_rollout,harmonic_oscillator,4,25,SympNoGraph,6.346396670751621e-05,7.271461261452311e-12,0.0006918115052376481,0.0017093772413758028,0.0016704653029072935,0.0
dynamics_rollout,harmonic_oscillator,4,50,SympNoGraph,6.346396670751621e-05,7.271461261452311e-12,0.0009615780088339905,0.0019152698127991787,0.0009554565988594267,0.0
dynamics_rollout,harmonic_oscillator,4,100,SympNoGraph,6.346396670751621e-05,7.271461261452311e-12,0.0023235831442654006,0.0020443582195174524,0.001733567631132803,0.0
dynamics_rollout,harmonic_oscillator,4,250,SympNoGraph,6.346396670751621e-05,7.271461261452311e-12,0.0035746836742102483,0.0017909570436308506,0.00014033372296073986,0.0
dynamics_rollout,harmonic_oscillator,4,500,SympNoGraph,6.346396670751621e-05,7.271461261452311e-12,0.011132979662787786,0.0019228122848538598,0.00023667586202300985,0.0
dynamics_rollout,harmonic_oscillator,4,1,DenseLinearNext,2.4982985479912736e-08,8.641361422166619e-08,2.014543012025426e-08,1.9301762283370185e-05,1.9301762283370185e-05,0.0
dynamics_rollout,harmonic_oscillator,4,10,DenseLinearNext,2.4982985479912736e-08,8.641361422166619e-08,1.3314136231091697e-07,0.00019409770635634866,0.00019290892952313133,0.0
dynamics_rollout,harmonic_oscillator,4,25,DenseLinearNext,2.4982985479912736e-08,8.641361422166619e-08,2.8705005174814216e-07,0.0004511969051649378,0.0004409104107741066,0.0
dynamics_rollout,harmonic_oscillator,4,50,DenseLinearNext,2.4982985479912736e-08,8.641361422166619e-08,6.205621175934367e-07,0.0005048412604627718,0.00025089667276052336,0.0
dynamics_rollout,harmonic_oscillator,4,100,DenseLinearNext,2.4982985479912736e-08,8.641361422166619e-08,1.5070795707768113e-06,0.0005394520341234146,0.0004573982301786651,0.0
dynamics_rollout,harmonic_oscillator,4,250,DenseLinearNext,2.4982985479912736e-08,8.641361422166619e-08,2.518624696582305e-06,0.0004795520256462485,3.357675613767059e-05,0.0
dynamics_rollout,harmonic_oscillator,4,500,DenseLinearNext,2.4982985479912736e-08,8.641361422166619e-08,7.787090645187906e-06,0.0005235125952024769,5.478364888533773e-05,0.0
dynamics_rollout,spring_mass_chain,4,1,SG-Ham+Symp,0.00010582068292763538,3.689821636579124e-11,6.503188696436054e-05,5.880661638498763e-05,5.880661638498763e-05,0.0
dynamics_rollout,spring_mass_chain,4,10,SG-Ham+Symp,0.00010582068292763538,3.689821636579124e-11,0.0004229594222334066,0.0006517920318716668,0.0006437863508778147,0.0
dynamics_rollout,spring_mass_chain,4,25,SG-Ham+Symp,0.00010582068292763538,3.689821636579124e-11,0.0007983876854591503,0.0014904211387820158,0.0012476945207228125,0.0
dynamics_rollout,spring_mass_chain,4,50,SG-Ham+Symp,0.00010582068292763538,3.689821636579124e-11,0.0012379059803732304,0.0013219149638936667,0.0006012470940920462,0.0
dynamics_rollout,spring_mass_chain,4,100,SG-Ham+Symp,0.00010582068292763538,3.689821636579124e-11,0.002391814234759711,0.0014518092292436994,0.000815321462727776,0.0
dynamics_rollout,spring_mass_chain,4,250,SG-Ham+Symp,0.00010582068292763538,3.689821636579124e-11,0.005802796620344102,0.0015234928612131386,0.0006128175674727297,0.0
dynamics_rollout,spring_mass_chain,4,500,SG-Ham+Symp,0.00010582068292763538,3.689821636579124e-11,0.011306591935386426,0.0016473702981869408,0.0007365395570989256,0.0
dynamics_rollout,spring_mass_chain,4,1,DirectGraphNext,1.8961501330583597e-05,3.0731872182868592e-06,5.434323277164327e-06,3.08880856186997e-05,3.08880856186997e-05,0.0
dynamics_rollout,spring_mass_chain,4,10,DirectGraphNext,1.8961501330583597e-05,3.0731872182868592e-06,3.796060363149242e-05,0.00034648908552357564,0.0003411923956172835,0.0
dynamics_rollout,spring_mass_chain,4,25,DirectGraphNext,1.8961501330583597e-05,3.0731872182868592e-06,7.366469062508302e-05,0.0007830741539317262,0.0006448413877020371,0.0
dynamics_rollout,spring_mass_chain,4,50,DirectGraphNext,1.8961501330583597e-05,3.0731872182868592e-06,0.00010602985503302429,0.000688815813794369,0.00030619130506804736,0.0
dynamics_rollout,spring_mass_chain,4,100,DirectGraphNext,1.8961501330583597e-05,3.0731872182868592e-06,0.00022268924447937122,0.0007548071419050531,0.00039058622935137514,0.0
dynamics_rollout,spring_mass_chain,4,250,DirectGraphNext,1.8961501330583597e-05,3.0731872182868592e-06,0.0005554502250663794,0.0007580915665578708,0.00024690138304644233,0.0
dynamics_rollout,spring_mass_chain,4,500,DirectGraphNext,1.8961501330583597e-05,3.0731872182868592e-06,0.0010153093578906538,0.0008160242831392389,0.0002675118958722498,0.0
dynamics_rollout,spring_mass_chain,4,1,GraphEuler,1.8961588876936285e-05,3.0994186082362647e-06,5.434477807718353e-06,3.088671559398479e-05,3.088671559398479e-05,0.0
dynamics_rollout,spring_mass_chain,4,10,GraphEuler,1.8961588876936285e-05,3.0994186082362647e-06,3.795752066720895e-05,0.00034645622504449387,0.00034115711027926177,0.0
dynamics_rollout,spring_mass_chain,4,25,GraphEuler,1.8961588876936285e-05,3.0994186082362647e-06,7.366823463338211e-05,0.0007829744938186643,0.0006447083431963722,0.0
dynamics_rollout,spring_mass_chain,4,50,GraphEuler,1.8961588876936285e-05,3.0994186082362647e-06,0.00010604047869010068,0.0006887121187312485,0.0003060082796992419,0.0
dynamics_rollout,spring_mass_chain,4,100,GraphEuler,1.8961588876936285e-05,3.0994186082362647e-06,0.00022270459185327394,0.0007547299017549503,0.0003901626792940672,0.0
dynamics_rollout,spring_mass_chain,4,250,GraphEuler,1.8961588876936285e-05,3.0994186082362647e-06,0.0005554851956912882,0.0007579242913760302,0.0002465973115569833,0.0
dynamics_rollout,spring_mass_chain,4,500,GraphEuler,1.8961588876936285e-05,3.0994186082362647e-06,0.0010153874177658475,0.0008153570769008768,0.00026607265889357296,0.0
dynamics_rollout,spring_mass_chain,4,1,SympNoGraph,0.024042001050328176,2.4168939447120768e-11,0.018193353001747747,0.006415388076408076,0.006415388076408076,0.0
dynamics_rollout,spring_mass_chain,4,10,SympNoGraph,0.024042001050328176,2.4168939447120768e-11,0.12438051262465309,0.06958495574491963,0.06670814155878037,0.0
dynamics_rollout,spring_mass_chain,4,25,SympNoGraph,0.024042001050328176,2.4168939447120768e-11,0.249573268559271,0.14477571403696168,0.11983140697021344,0.0
dynamics_rollout,spring_mass_chain,4,50,SympNoGraph,0.024042001050328176,2.4168939447120768e-11,0.35143940863497186,0.13115469731553206,0.028031104279571947,0.0
dynamics_rollout,spring_mass_chain,4,100,SympNoGraph,0.024042001050328176,2.4168939447120768e-11,0.6886420293533052,0.13912357335291634,0.04862772445502522,0.0
dynamics_rollout,spring_mass_chain,4,250,SympNoGraph,0.024042001050328176,2.4168939447120768e-11,1.1785401164881397,0.1690767743150435,0.14749924766207503,0.0
dynamics_rollout,spring_mass_chain,4,500,SympNoGraph,0.024042001050328176,2.4168939447120768e-11,1.1636220540247781,0.10928777394893957,0.03044403709265295,0.0
dynamics_rollout,spring_mass_chain,4,1,DenseLinearNext,2.5545936005448995e-08,2.5475843057016176e-07,1.8613929325557865e-08,3.177578775579133e-05,3.177578775579133e-05,0.0
dynamics_rollout,spring_mass_chain,4,10,DenseLinearNext,2.5545936005448995e-08,2.5475843057016176e-07,1.5448144199323285e-07,0.0003448701563461795,0.0003403232961695692,0.0
dynamics_rollout,spring_mass_chain,4,25,DenseLinearNext,2.5545936005448995e-08,2.5475843057016176e-07,4.874456188588702e-07,0.0007889786889694016,0.0006603708087454917,0.0
dynamics_rollout,spring_mass_chain,4,50,DenseLinearNext,2.5545936005448995e-08,2.5475843057016176e-07,8.535913334317636e-07,0.0007024691223426477,0.00033271990415158936,0.0
dynamics_rollout,spring_mass_chain,4,100,DenseLinearNext,2.5545936005448995e-08,2.5475843057016176e-07,1.7823101374980747e-06,0.0007672491822963513,0.0004387590971624207,0.0
dynamics_rollout,spring_mass_chain,4,250,DenseLinearNext,2.5545936005448995e-08,2.5475843057016176e-07,4.294131374520285e-06,0.0008086527379705817,0.00033122077229829754,0.0
dynamics_rollout,spring_mass_chain,4,500,DenseLinearNext,2.5545936005448995e-08,2.5475843057016176e-07,8.117945717397186e-06,0.000875901679140422,0.00042181161462158547,0.0
dynamics_rollout,oscillator_graph_cycle,4,1,SG-Ham+Symp,0.00011395946909345809,3.9708559785109515e-11,7.094805234786587e-05,6.016917515687786e-05,6.016917515687786e-05,0.0
dynamics_rollout,oscillator_graph_cycle,4,10,SG-Ham+Symp,0.00011395946909345809,3.9708559785109515e-11,0.0004551504303333106,0.0006557727985784353,0.0006405083802671648,0.0
dynamics_rollout,oscillator_graph_cycle,4,25,SG-Ham+Symp,0.00011395946909345809,3.9708559785109515e-11,0.0008572549491881498,0.0016272750318524775,0.001347941894559071,0.0
dynamics_rollout,oscillator_graph_cycle,4,50,SG-Ham+Symp,0.00011395946909345809,3.9708559785109515e-11,0.0013232514353256565,0.0014485714432975738,0.000709627592231362,0.0
dynamics_rollout,oscillator_graph_cycle,4,100,SG-Ham+Symp,0.00011395946909345809,3.9708559785109515e-11,0.0025773136379838107,0.0015509060234383486,0.0009625929965276541,0.0
dynamics_rollout,oscillator_graph_cycle,4,250,SG-Ham+Symp,0.00011395946909345809,3.9708559785109515e-11,0.0062557801017937625,0.0016290940374313978,0.0009311201989889613,0.0
dynamics_rollout,oscillator_graph_cycle,4,500,SG-Ham+Symp,0.00011395946909345809,3.9708559785109515e-11,0.011871955507530806,0.0016480296328699295,0.00042969619108525507,0.0
dynamics_rollout,oscillator_graph_cycle,4,1,DirectGraphNext,1.92615229444134e-05,2.807974814763571e-06,5.367497796958902e-06,3.1876921383592894e-05,3.1876921383592894e-05,0.0
dynamics_rollout,oscillator_graph_cycle,4,10,DirectGraphNext,1.92615229444134e-05,2.807974814763571e-06,3.871936813034475e-05,0.0003521932011160466,0.0003452133159145168,0.0
dynamics_rollout,oscillator_graph_cycle,4,25,DirectGraphNext,1.92615229444134e-05,2.807974814763571e-06,7.874301148093369e-05,0.0008687032923208234,0.0007106503368513745,0.0
dynamics_rollout,oscillator_graph_cycle,4,50,DirectGraphNext,1.92615229444134e-05,2.807974814763571e-06,0.00010927191160367982,0.0007672451875716241,0.00038083604961395185,0.0
dynamics_rollout,oscillator_graph_cycle,4,100,DirectGraphNext,1.92615229444134e-05,2.807974814763571e-06,0.00023141167967447775,0.000817875318363382,0.0005020190672733253,0.0
dynamics_rollout,oscillator_graph_cycle,4,250,DirectGraphNext,1.92615229444134e-05,2.807974814763571e-06,0.0005881965726588658,0.0008445754738621971,0.0004311690116323348,0.0
dynamics_rollout,oscillator_graph_cycle,4,500,DirectGraphNext,1.92615229444134e-05,2.807974814763571e-06,0.0009960719627139533,0.0008346860027148195,0.00021083241276916316,0.0
dynamics_rollout,oscillator_graph_cycle,4,1,GraphEuler,1.9261572098679788e-05,2.839678865320286e-06,5.367751654814259e-06,3.1876108746951844e-05,3.1876108746951844e-05,0.0
dynamics_rollout,oscillator_graph_cycle,4,10,GraphEuler,1.9261572098679788e-05,2.839678865320286e-06,3.8714986522605986e-05,0.0003521467493556812,0.00034516901973288675,0.0
dynamics_rollout,oscillator_graph_cycle,4,25,GraphEuler,1.9261572098679788e-05,2.839678865320286e-06,7.874744877330145e-05,0.0008686185260130828,0.0007105284493866441,0.0
dynamics_rollout,oscillator_graph_cycle,4,50,GraphEuler,1.9261572098679788e-05,2.839678865320286e-06,0.00010928187370485021,0.0007670992106641987,0.00038059038307059764,0.0
dynamics_rollout,oscillator_graph_cycle,4,100,GraphEuler,1.9261572098679788e-05,2.839678865320286e-06,0.00023142400893993837,0.0008176644780147428,0.0005015845664939584,0.0
dynamics_rollout,oscillator_graph_cycle,4,250,GraphEuler,1.9261572098679788e-05,2.839678865320286e-06,0.0005882303206736376,0.0008442209708037766,0.0004301597339661123,0.0
dynamics_rollout,oscillator_graph_cycle,4,500,GraphEuler,1.9261572098679788e-05,2.839678865320286e-06,0.0009961671115345625,0.0008337720165269357,0.00020989810995419782,0.0
dynamics_rollout,oscillator_graph_cycle,4,1,SympNoGraph,0.024478505467428125,2.485854760551358e-11,0.01880585009121712,0.006238421791383714,0.006238421791383714,0.0
dynamics_rollout,oscillator_graph_cycle,4,10,SympNoGraph,0.024478505467428125,2.485854760551358e-11,0.12277688711867855,0.06869591535632218,0.06677071800343184,0.0
dynamics_rollout,oscillator_graph_cycle,4,25,SympNoGraph,0.024478505467428125,2.485854760551358e-11,0.24027397378569704,0.14466768848855804,0.12187051204357004,0.0
dynamics_rollout,oscillator_graph_cycle,4,50,SympNoGraph,0.024478505467428125,2.485854760551358e-11,0.3472105995568544,0.12809865219723798,0.03387615007052069,0.0
dynamics_rollout,oscillator_graph_cycle,4,100,SympNoGraph,0.024478505467428125,2.485854760551358e-11,0.6884310955200101,0.1315885754206345,0.06238726841116223,0.0
dynamics_rollout,oscillator_graph_cycle,4,250,SympNoGraph,0.024478505467428125,2.485854760551358e-11,1.167212883448063,0.15816381094138213,0.10905501844742042,0.0
dynamics_rollout,oscillator_graph_cycle,4,500,SympNoGraph,0.024478505467428125,2.485854760551358e-11,1.0764176644715324,0.11721428540325078,0.06298435345778498,0.0
dynamics_rollout,oscillator_graph_cycle,4,1,DenseLinearNext,2.555741584404698e-08,2.547584727226541e-07,1.8628509511305393e-08,3.281904719893521e-05,3.281904719893521e-05,0.0
dynamics_rollout,oscillator_graph_cycle,4,10,DenseLinearNext,2.555741584404698e-08,2.547584727226541e-07,1.5591428888821986e-07,0.00034560590135565057,0.0003369592807134019,0.0
dynamics_rollout,oscillator_graph_cycle,4,25,DenseLinearNext,2.555741584404698e-08,2.547584727226541e-07,5.048089031542207e-07,0.0008734086516655396,0.0007206194820311486,0.0
dynamics_rollout,oscillator_graph_cycle,4,50,DenseLinearNext,2.555741584404698e-08,2.547584727226541e-07,8.603862062493795e-07,0.0007709157691542122,0.00039204650218302873,0.0
dynamics_rollout,oscillator_graph_cycle,4,100,DenseLinearNext,2.555741584404698e-08,2.547584727226541e-07,1.8090335365463113e-06,0.0008251363604098397,0.0005157725013422298,0.0
dynamics_rollout,oscillator_graph_cycle,4,250,DenseLinearNext,2.555741584404698e-08,2.547584727226541e-07,4.339006200100659e-06,0.0008671807553236385,0.00049000647755147,0.0
dynamics_rollout,oscillator_graph_cycle,4,500,DenseLinearNext,2.555741584404698e-08,2.547584727226541e-07,8.235295465172433e-06,0.000887104223522157,0.0002536694655892935,0.0
