experiment,env,seed,budget,model,one_step_rmse,return_mean,return_se,terminal_error_mean,terminal_error_se,exploitation_gap_mean,imagined_energy_drift_mean,divergence_rate
matched_planner,coupled_oscillator_stabilization,0,64,SG-Ham+Symp,0.0001929822089589539,-35.593684931418984,6.746345211214792,0.16293172588762325,0.024245624991779124,0.005296808431694,1.83105089948405,0.0
matched_planner,coupled_oscillator_stabilization,0,64,DirectGraphNext,2.0072941526813494e-05,-35.36510737000609,6.626744015036368,0.1605799618526688,0.022950000586503306,0.00035615736874428094,1.8355190948603193,0.0
matched_planner,coupled_oscillator_stabilization,0,128,SG-Ham+Symp,0.00014529639823371635,-41.879492814356034,4.383233855863616,0.17057006600818236,0.024094029358952884,0.003502368862097427,1.7535823735770155,0.0
matched_planner,coupled_oscillator_stabilization,0,128,DirectGraphNext,1.991907658901439e-05,-41.99305439941234,4.371127703190829,0.1713462007162597,0.024592607364085563,0.0003908645550752728,1.7525158276866268,0.0
matched_planner,coupled_oscillator_stabilization,0,256,SG-Ham+Symp,0.00012133497240187116,-29.44509224731674,4.404104943834707,0.14261676249163932,0.039378742449907,0.00017598240099185128,1.7938618250435134,0.0
matched_planner,coupled_oscillator_stabilization,0,256,DirectGraphNext,1.973998858213247e-05,-29.396173713792674,4.400741778459971,0.14244548863094414,0.03918223825710557,0.00026557126715331947,1.7943696189098073,0.0
matched_planner,coupled_oscillator_stabilization,0,512,SG-Ham+Symp,0.000126264688631687,-36.07939366754199,9.856625516119387,0.16000860240770345,0.03519572654387388,0.0025760211934090136,1.5901315928689834,0.0
matched_planner,coupled_oscillator_stabilization,0,512,DirectGraphNext,1.9711036711625417e-05,-36.040431260574074,9.85756215355894,0.1610332395756311,0.035822901821446464,0.0005921484512311596,1.589633727155827,0.0
matched_planner,coupled_oscillator_stabilization,0,1024,SG-Ham+Symp,0.00012937888369666837,-31.914071727734243,8.757693185799587,0.18653077280574829,0.046505167401193336,0.0022547895282355825,1.2968606668989235,0.0
matched_planner,coupled_oscillator_stabilization,0,1024,DirectGraphNext,1.9700864546573394e-05,-31.966333680016586,8.766059436957299,0.18553186094432825,0.04480844102048901,0.0003705801467028813,1.2965827131492107,0.0
matched_planner,spring_chain_target,0,64,SG-Ham+Symp,0.00011613573227018253,-9.236590362509352,2.018015256868163,0.015518168211468448,0.009056019113919988,-0.0009959493805818953,0.30058806745242156,0.0
matched_planner,spring_chain_target,0,64,DirectGraphNext,1.8895407646702606e-05,-9.23704834386668,2.016784566938699,0.01567171872459647,0.008999608872547398,-5.411633063652962e-05,0.30163649552664895,0.0
matched_planner,spring_chain_target,0,128,SG-Ham+Symp,0.00010368201076285126,-14.253643241127705,2.351534183408668,0.01207001888509106,0.004856584091055847,-0.0011450969302975917,0.3794425461105866,0.0
matched_planner,spring_chain_target,0,128,DirectGraphNext,1.8915506869856838e-05,-14.25944550380777,2.3497246724898644,0.012475133386885754,0.004760556459410738,-0.0001147601943933078,0.38117136527971596,0.0
matched_planner,spring_chain_target,0,256,SG-Ham+Symp,9.603812397071697e-05,-10.88062936913016,1.3175674207598551,0.004796791557591852,0.0017100703699630764,-0.0009895334561914975,0.45922220454058554,0.0
matched_planner,spring_chain_target,0,256,DirectGraphNext,1.889880575402945e-05,-10.881585436150381,1.3171934829519818,0.004889794930353395,0.0018002412223238323,-0.0001003611427402203,0.4612806084926075,0.0
matched_planner,spring_chain_target,0,512,SG-Ham+Symp,0.00010197752682343803,-10.533169096493483,2.6231236919240275,0.012049771145671004,0.006623499846761695,-0.0010050544175323288,0.47450296844700324,0.0
matched_planner,spring_chain_target,0,512,DirectGraphNext,1.887560917703702e-05,-10.531781425495835,2.623129521074805,0.012415144561547395,0.006850916038215044,-8.413659867782346e-05,0.4779589086107898,0.0
matched_planner,spring_chain_target,0,1024,SG-Ham+Symp,9.958467734259013e-05,-9.66052137459212,1.0891135000772343,0.028287544636915404,0.017538222490162878,-0.00085770806335043,0.3602240627265376,0.0
matched_planner,spring_chain_target,0,1024,DirectGraphNext,1.8884518475715012e-05,-9.67000435628864,1.0843785299362183,0.028411012540085937,0.017441994132213156,-0.00010163927463402445,0.3633656488236127,0.0
matched_planner,coupled_oscillator_stabilization,1,64,SG-Ham+Symp,0.00015267115924107446,-49.39702489502374,9.518761851483076,0.30692535260180237,0.0790029097346314,-0.005213637770021447,1.950443406489322,0.0
matched_planner,coupled_oscillator_stabilization,1,64,DirectGraphNext,1.9948502321801477e-05,-49.4497184662787,9.493117235592228,0.30895775865983494,0.07715314270901565,0.0004966725095256012,1.9537781711788733,0.0
matched_planner,coupled_oscillator_stabilization,1,128,SG-Ham+Symp,9.551595429618142e-05,-47.15635473121981,15.858529840510567,0.2724705611829857,0.09766791307594395,0.00471150322410141,1.7518106925214472,0.0
matched_planner,coupled_oscillator_stabilization,1,128,DirectGraphNext,1.9806237676454577e-05,-46.9644468912349,15.830843871727597,0.2630203680766091,0.09723215841381379,0.0002518451744570882,1.7497595293684516,0.0
matched_planner,coupled_oscillator_stabilization,1,256,SG-Ham+Symp,0.00014007040766407218,-42.07465880712384,8.428022974313432,0.211579305019829,0.04333984994933769,0.0029461402536257175,1.7323948000559175,0.0
matched_planner,coupled_oscillator_stabilization,1,256,DirectGraphNext,1.968047927488163e-05,-42.16723126928043,8.467608907753078,0.21446578658797497,0.044045604926700246,-4.2762649166139255e-05,1.7310889554797608,0.0
matched_planner,coupled_oscillator_stabilization,1,512,SG-Ham+Symp,0.00014049100553703952,-46.20668770783596,10.475517376778924,0.16325051954545386,0.05782556189055964,0.0055148436686499975,1.6609971166943769,0.0
matched_planner,coupled_oscillator_stabilization,1,512,DirectGraphNext,1.9651981711602593e-05,-46.24706292631617,10.463049498271724,0.16320920402811373,0.05785869241227095,6.952231153493453e-05,1.6582960060835568,0.0
matched_planner,coupled_oscillator_stabilization,1,1024,SG-Ham+Symp,0.00013060449311110779,-35.99385912049229,7.5744822220328745,0.2011534197723609,0.050086681435873935,0.0026043917387352047,1.4173640594909556,0.0
matched_planner,coupled_oscillator_stabilization,1,1024,DirectGraphNext,1.9627089736283536e-05,-36.08407869981032,7.571119540390115,0.20081695104213113,0.04988465700541929,4.10712030755415e-05,1.4136068409646068,0.0
matched_planner,spring_chain_target,1,64,SG-Ham+Symp,7.624986586150925e-05,-13.138020193358102,1.6309881512613675,0.022920104484107185,0.013166445409381014,-0.000966520670123335,0.42502440638961153,0.0
matched_planner,spring_chain_target,1,64,DirectGraphNext,1.903275831905891e-05,-13.141065296298043,1.6426298332199296,0.02406148581718107,0.013053467125568331,-3.622830901939267e-05,0.4276876471321159,0.0
matched_planner,spring_chain_target,1,128,SG-Ham+Symp,7.052446093671775e-05,-13.370439229318107,3.2787319232142003,0.036557422669002776,0.020437267622517623,-0.0009136754371981878,0.32121060362321463,0.0
matched_planner,spring_chain_target,1,128,DirectGraphNext,1.8934929351004856e-05,-13.378054783508015,3.27568368414535,0.03653825240998105,0.020477313261576542,-7.458370106183665e-05,0.32104228416572017,0.0
matched_planner,spring_chain_target,1,256,SG-Ham+Symp,7.322088236886155e-05,-10.155734867867817,2.2026448420861042,0.02895317918337495,0.012766333509600469,-0.0006855592819700421,0.3130570380251256,0.0
matched_planner,spring_chain_target,1,256,DirectGraphNext,1.8940398124783603e-05,-10.160444132649348,2.1992991755958244,0.02916235062957705,0.012698994745146581,-7.326207314191831e-05,0.3148114994361393,0.0
matched_planner,spring_chain_target,1,512,SG-Ham+Symp,7.047416140983712e-05,-11.556233069880003,2.2013502730764594,0.039391215497779346,0.024982607264551603,-0.0007451566273615207,0.49409894262664916,0.0
matched_planner,spring_chain_target,1,512,DirectGraphNext,1.8957504159340335e-05,-11.591425586823702,2.2159248980994533,0.040932030180130426,0.025451332130706265,-6.303633611781656e-05,0.49643245323731905,0.0
matched_planner,spring_chain_target,1,1024,SG-Ham+Symp,8.09108846234099e-05,-11.652020429215888,2.454111773330838,0.008501002003969532,0.004289821809401157,-0.0008944591627918127,0.41944682873534966,0.0
matched_planner,spring_chain_target,1,1024,DirectGraphNext,1.894772027991074e-05,-11.660385362712715,2.453009511633665,0.00862917871325035,0.004248267724957362,-9.201759388307214e-05,0.4211751173266236,0.0
matched_planner,coupled_oscillator_stabilization,2,64,SG-Ham+Symp,0.00014602992422731005,-54.69405596549782,11.066588521528198,0.30660672923025034,0.16366658819543312,0.00440652846679838,1.712969580084131,0.0
matched_planner,coupled_oscillator_stabilization,2,64,DirectGraphNext,1.883217659598812e-05,-54.46864753263949,11.007077090939923,0.30138014265907487,0.15827032156480042,0.0005944702806616556,1.6916884805649006,0.0
matched_planner,coupled_oscillator_stabilization,2,128,SG-Ham+Symp,0.0001464116814956206,-28.93048595666623,10.37454446954478,0.1506176843942174,0.04804243517093825,0.0010402183980312192,1.6830170364174588,0.0
matched_planner,coupled_oscillator_stabilization,2,128,DirectGraphNext,1.8843869855390434e-05,-29.183172246042385,10.532812569052082,0.15068701277878824,0.05224664200348647,0.00041632498405963503,1.6828806938002956,0.0
matched_planner,coupled_oscillator_stabilization,2,256,SG-Ham+Symp,9.706931957120174e-05,-29.78306162390697,7.6585122838791335,0.13760003217140304,0.024069036218175945,4.687882518143264e-05,1.385178112972673,0.0
matched_planner,coupled_oscillator_stabilization,2,256,DirectGraphNext,1.8826340016599663e-05,-29.79064404048213,7.655946289228715,0.13771596793121213,0.02400710694235856,0.00030566575578738764,1.3853841013340216,0.0
matched_planner,coupled_oscillator_stabilization,2,512,SG-Ham+Symp,0.00010710944122790982,-35.15752822090179,5.09102727053774,0.1226604249816503,0.031150962028920207,0.0012667260579277695,1.527309056308668,0.0
matched_planner,coupled_oscillator_stabilization,2,512,DirectGraphNext,1.8788808333460026e-05,-34.9990771839884,5.116108874050391,0.12255626973866712,0.031383334676319645,-0.00015344234958843592,1.5267364189660724,0.0
matched_planner,coupled_oscillator_stabilization,2,1024,SG-Ham+Symp,9.022310457582647e-05,-46.10771124727166,15.121532993108225,0.2890233027558403,0.1347210211892802,0.002567534826065939,1.4382755542196755,0.0
matched_planner,coupled_oscillator_stabilization,2,1024,DirectGraphNext,1.878213611072231e-05,-46.12525874929952,15.174892234001046,0.2921465430724556,0.1385912108121497,0.00034777591092523724,1.4374085587694054,0.0
matched_planner,spring_chain_target,2,64,SG-Ham+Symp,0.00011397505220212554,-12.57320767183361,2.800233757727697,0.04157560332710155,0.02278149764617361,-0.001232178252496959,0.4889777547439696,0.0
matched_planner,spring_chain_target,2,64,DirectGraphNext,1.82716970990331e-05,-12.568856733770085,2.7911671363538813,0.04132060953780744,0.022758360549903135,-4.313429701241489e-05,0.4926296615714814,0.0
matched_planner,spring_chain_target,2,128,SG-Ham+Symp,7.258644482403115e-05,-8.916634339144887,2.1068402631668537,0.03278312321539508,0.03152624207849533,-0.0005184701160119894,0.49958432440471096,0.0
matched_planner,spring_chain_target,2,128,DirectGraphNext,1.8076728310778566e-05,-8.920641180888216,2.1111644265552476,0.03319506547431155,0.03189855813865735,-7.801233741259554e-05,0.5012439714253857,0.0
matched_planner,spring_chain_target,2,256,SG-Ham+Symp,9.462025789028932e-05,-8.709725799430108,1.7084226912142861,0.02079307071040073,0.015112011121803976,-0.0007108697609260103,0.38663729167796373,0.0
matched_planner,spring_chain_target,2,256,DirectGraphNext,1.8040663543318453e-05,-8.710135454460639,1.707842027685176,0.020721072508147982,0.015128708972672138,-8.102266607405244e-05,0.38780870009382395,0.0
matched_planner,spring_chain_target,2,512,SG-Ham+Symp,8.292588460976203e-05,-10.665921340169982,2.3402393045566505,0.00768096440332875,0.001912748088330141,-0.0008477067531466043,0.35517432960470013,0.0
matched_planner,spring_chain_target,2,512,DirectGraphNext,1.8012702901361054e-05,-10.663604721734032,2.3402631382700108,0.007469674050561238,0.0019524335164380897,-8.059442402593338e-05,0.35749275540543796,0.0
matched_planner,spring_chain_target,2,1024,SG-Ham+Symp,8.485107876724599e-05,-11.56936946686745,3.63508227165828,0.041265713995287626,0.030922448206144704,-0.0007288458006817766,0.3606259748742522,0.0
matched_planner,spring_chain_target,2,1024,DirectGraphNext,1.8018825902694968e-05,-11.559441845045038,3.6067339360926445,0.040045911215013656,0.029027644855525475,-9.9451414925437e-05,0.36227278816154,0.0
matched_planner,coupled_oscillator_stabilization,3,64,SG-Ham+Symp,0.000112199001394262,-38.13875643296076,6.807650984024311,0.1815985955381965,0.037612021395751746,0.0011644932534249364,1.4167680343753355,0.0
matched_planner,coupled_oscillator_stabilization,3,64,DirectGraphNext,1.9425569169377442e-05,-37.921869779030565,6.683398692158145,0.18032632032289694,0.037131843849285466,-1.958651763237877e-05,1.4162850051885931,0.0
matched_planner,coupled_oscillator_stabilization,3,128,SG-Ham+Symp,0.00012781116573238165,-31.199331413193665,7.3602661187306975,0.1327023598641657,0.02335822047715833,0.004227606836475051,1.5198639662451552,0.0
matched_planner,coupled_oscillator_stabilization,3,128,DirectGraphNext,1.9506849972797555e-05,-31.202733513951966,7.357446348560832,0.13293018958897504,0.02360413668623527,0.00030541892738226534,1.5181949203787308,0.0
matched_planner,coupled_oscillator_stabilization,3,256,SG-Ham+Symp,0.00011862664518536673,-38.61780034925459,4.440015353192613,0.16677494707805637,0.02429951785783956,0.003233869155816175,1.7941657799907056,0.0
matched_planner,coupled_oscillator_stabilization,3,256,DirectGraphNext,1.954696098519806e-05,-38.55683029212144,4.424153445209701,0.1702199444362357,0.026632635594993,0.0004862818181615343,1.793091951290523,0.0
matched_planner,coupled_oscillator_stabilization,3,512,SG-Ham+Symp,0.00013049213506186093,-25.333272926631167,4.847282995844957,0.09700255318928323,0.026864660307863563,0.0011705745746416103,1.4538316186082068,0.0
matched_planner,coupled_oscillator_stabilization,3,512,DirectGraphNext,1.949665872882553e-05,-25.300828143878622,4.858976134437399,0.09522253954488362,0.025601747280994753,2.5842984783253087e-06,1.4533716645387866,0.0
matched_planner,coupled_oscillator_stabilization,3,1024,SG-Ham+Symp,0.00013668159986390731,-31.64824030371173,4.785727188958856,0.16665966166924837,0.03820263396339734,0.0015236366152100445,1.7629007784642614,0.0
matched_planner,coupled_oscillator_stabilization,3,1024,DirectGraphNext,1.9473824826089965e-05,-31.65382193198856,4.783183171512247,0.1718105624215441,0.03858972655325194,0.00024564706836116557,1.7628424217646133,0.0
matched_planner,spring_chain_target,3,64,SG-Ham+Symp,9.733777393570764e-05,-9.239229847939631,1.9656110971082057,0.018245449482935137,0.011151961741685871,-0.0009032965287767425,0.3909320919933336,0.0
matched_planner,spring_chain_target,3,64,DirectGraphNext,1.8753542720871815e-05,-9.2175424706606,1.9676997946917698,0.01837682459362432,0.011260900045453982,-8.706643136628205e-05,0.3932650587694035,0.0
matched_planner,spring_chain_target,3,128,SG-Ham+Symp,9.59783783094606e-05,-9.234746360012492,1.5224166336905474,0.0199212987340148,0.013548152011252347,-0.0007013706733977424,0.2795961603404959,0.0
matched_planner,spring_chain_target,3,128,DirectGraphNext,1.879301712845208e-05,-9.237451878557723,1.5239045688743083,0.020113983699954634,0.013649689592817342,-9.15149897816973e-05,0.2805313651918892,0.0
matched_planner,spring_chain_target,3,256,SG-Ham+Symp,7.19827117448785e-05,-10.685752350573742,1.1479184001061595,0.011303253006762522,0.004654211603770797,-0.0006915838970456001,0.5025888442137526,0.0
matched_planner,spring_chain_target,3,256,DirectGraphNext,1.8701255138565354e-05,-10.682842792082644,1.1472128168458158,0.010786635936374661,0.0042525916847509955,-7.937888878073451e-05,0.5041344721436944,0.0
matched_planner,spring_chain_target,3,512,SG-Ham+Symp,7.317741638118128e-05,-9.661075153029921,1.3385329620553341,0.003034173072335974,0.0008480592814102373,-0.0006026357303827723,0.3483136270401015,0.0
matched_planner,spring_chain_target,3,512,DirectGraphNext,1.871094216151735e-05,-9.682095742200643,1.3569656180128624,0.0037050581763280826,0.0013908482928096377,-9.99096884100048e-05,0.349994839304906,0.0
matched_planner,spring_chain_target,3,1024,SG-Ham+Symp,8.519621979259946e-05,-8.541603384398849,0.758721879851429,0.007986612574615776,0.0032426087790359483,-0.000602170550712137,0.28156462415926103,0.0
matched_planner,spring_chain_target,3,1024,DirectGraphNext,1.872287740786717e-05,-8.54426651329028,0.7581828893357079,0.00821022214755295,0.0032217698198687564,-9.236738654309444e-05,0.2827534610519891,0.0
matched_planner,coupled_oscillator_stabilization,4,64,SG-Ham+Symp,0.00014108151644830346,-48.31214329943386,7.886955252712707,0.22828242269260504,0.045952558364251835,0.004677701314253231,1.80766390765595,0.0
matched_planner,coupled_oscillator_stabilization,4,64,DirectGraphNext,1.9184866810940572e-05,-48.25294480542144,7.864017321576106,0.2277609350960411,0.045795484236619395,0.0006436360788809973,1.8060140284133448,0.0
matched_planner,coupled_oscillator_stabilization,4,128,SG-Ham+Symp,0.00020917607528954076,-30.201181827337933,4.53101447463641,0.15529988733661318,0.02463289453584215,0.0032942608123350445,1.6745361855252998,0.0
matched_planner,coupled_oscillator_stabilization,4,128,DirectGraphNext,1.9305444361832038e-05,-30.159644102661023,4.4779745463050755,0.15613399603695488,0.02494217127919061,3.1981525250005895e-05,1.6732390947555782,0.0
matched_planner,coupled_oscillator_stabilization,4,256,SG-Ham+Symp,0.0001525739399844012,-40.85141308290528,11.004862465994357,0.189605169287854,0.06688297312849492,0.004470579417175102,1.735652090742695,0.0
matched_planner,coupled_oscillator_stabilization,4,256,DirectGraphNext,1.9298561178980147e-05,-40.81399928730655,11.009190293329036,0.18772657379609448,0.0669041051269109,0.00011926409659916241,1.7339161990721967,0.0
matched_planner,coupled_oscillator_stabilization,4,512,SG-Ham+Symp,0.00013870920204038712,-41.09403772226887,5.170944940521703,0.2081822958713697,0.03978719028011499,0.0028640606327347364,1.5705843880228432,0.0
matched_planner,coupled_oscillator_stabilization,4,512,DirectGraphNext,1.9305661534019e-05,-41.03865000912015,5.123713981876773,0.2000942303999338,0.03692656531645906,0.00023382099903794065,1.570224649463514,0.0
matched_planner,coupled_oscillator_stabilization,4,1024,SG-Ham+Symp,0.00013298087454025886,-32.10079989457682,8.758538579392182,0.1806291584208438,0.056261364039382804,0.002054813132252568,1.795925197970485,0.0
matched_planner,coupled_oscillator_stabilization,4,1024,DirectGraphNext,1.925233886494943e-05,-31.979517208838786,8.80044124108526,0.17575248665122375,0.05711185950108999,-0.0001541884102402117,1.7914008303313302,0.0
matched_planner,spring_chain_target,4,64,SG-Ham+Symp,0.00010486017497131417,-12.1624472565121,2.378999109753648,0.03955451092856752,0.021147336754885327,-0.0009314521047852539,0.5745790940980225,0.0
matched_planner,spring_chain_target,4,64,DirectGraphNext,1.880167483858826e-05,-12.181783915455531,2.3697828513357093,0.04114267981213665,0.020909816975785252,-7.883222086779718e-05,0.5756950713784933,0.0
matched_planner,spring_chain_target,4,128,SG-Ham+Symp,0.00010673671770986854,-8.288269290843369,2.0375717488928915,0.011339422351752828,0.006633853622792993,-0.0009216798480935484,0.3688368234730744,0.0
matched_planner,spring_chain_target,4,128,DirectGraphNext,1.8690724554012517e-05,-8.297870883353784,2.0384635153113675,0.011735190397922533,0.006817017158287465,-7.013414873824342e-05,0.3698652519332659,0.0
matched_planner,spring_chain_target,4,256,SG-Ham+Symp,9.576157814750737e-05,-12.536843658227681,2.3325897638285356,0.030654533468219655,0.01869837518647034,-0.0011072162086003257,0.4258376311699961,0.0
matched_planner,spring_chain_target,4,256,DirectGraphNext,1.859656526717762e-05,-12.53805784524022,2.332361374415182,0.030668927838982285,0.01864198349252286,-6.789852722510759e-05,0.4287918869582737,0.0
matched_planner,spring_chain_target,4,512,SG-Ham+Symp,9.484470129078043e-05,-13.342516055771751,1.6536786467286526,0.024796526019527244,0.019329740463593828,-0.0012094725434268483,0.284006095422892,0.0
matched_planner,spring_chain_target,4,512,DirectGraphNext,1.851442362434145e-05,-13.341479818326363,1.6527468978358861,0.025053080458416536,0.019266116071660504,-8.069306970851879e-05,0.285371035523538,0.0
matched_planner,spring_chain_target,4,1024,SG-Ham+Symp,9.070342985447912e-05,-8.365684587711359,1.7635775722353497,0.011951927391099912,0.007077731087348662,-0.0007129990914857368,0.4113549574303672,0.0
matched_planner,spring_chain_target,4,1024,DirectGraphNext,1.846107799122579e-05,-8.372503343343082,1.7671762834922968,0.013293039323433196,0.008051284309247748,-4.9119676714060034e-05,0.41310123146352346,0.0
