experiment,env,seed,budget,model,planning_horizon,return_mean,return_se,terminal_error_mean,terminal_error_se,exploitation_gap_mean,imagined_energy_drift_mean,divergence_rate
planning_horizon,coupled_oscillator_stabilization,0,512,SG-Ham+Symp,1,-32.65571503744385,5.204366611506713,0.3314602421458641,0.029823017544740045,2.2202305335450312e-05,0.39069758705513885,0.0
planning_horizon,coupled_oscillator_stabilization,0,512,SG-Ham+Symp,5,-47.061818693729975,8.766835674464863,0.18205228943080687,0.06709764180725973,0.0017087226979589272,1.1357142259523247,0.0
planning_horizon,coupled_oscillator_stabilization,0,512,SG-Ham+Symp,10,-23.137011100357384,5.353029659694409,0.09781637245305896,0.03297979017433542,0.00150116514260142,1.1309936230005213,0.0
planning_horizon,coupled_oscillator_stabilization,0,512,SG-Ham+Symp,20,-27.170047870770436,8.152456319528726,0.18799237646746483,0.0690642825689819,0.01555646368533988,2.7841870738078254,0.0
planning_horizon,coupled_oscillator_stabilization,0,512,SG-Ham+Symp,30,-51.597873508935926,21.362746466276203,0.3915565762525237,0.21935991133226995,0.04009486472897361,4.21102079536931,0.0
planning_horizon,coupled_oscillator_stabilization,0,512,DirectGraphNext,1,-32.65826325910229,5.203523982898009,0.33169618285244246,0.029215110238520303,1.0858173208857144e-05,0.39069351734690566,0.0
planning_horizon,coupled_oscillator_stabilization,0,512,DirectGraphNext,5,-47.04657687901423,8.76040000930307,0.18213875447545816,0.06678319465391884,0.00015323456370290126,1.1342417564713332,0.0
planning_horizon,coupled_oscillator_stabilization,0,512,DirectGraphNext,10,-23.121855588035988,5.353734791793505,0.09860904737437907,0.03294707120397821,5.558416877808151e-05,1.1309549960345535,0.0
planning_horizon,coupled_oscillator_stabilization,0,512,DirectGraphNext,20,-27.138173730093246,8.159800561895594,0.19497035938055743,0.06904667183811174,0.0012109209944085226,2.7744144990843522,0.0
planning_horizon,coupled_oscillator_stabilization,0,512,DirectGraphNext,30,-51.51667294107711,21.38719847186988,0.39213129799991303,0.21847150900891954,0.000209310563238733,4.206213880658422,0.0
planning_horizon,coupled_oscillator_stabilization,0,512,GraphEuler,1,-32.65826325910229,5.203523982898009,0.33169618285244246,0.029215110238520303,1.08509462835397e-05,0.3906934859028701,0.0
planning_horizon,coupled_oscillator_stabilization,0,512,GraphEuler,5,-47.04657687901423,8.76040000930307,0.18213875447545816,0.06678319465391884,0.00015311512008879072,1.1342416285696795,0.0
planning_horizon,coupled_oscillator_stabilization,0,512,GraphEuler,10,-23.121855588035988,5.353734791793505,0.09860904737437907,0.03294707120397821,5.53088615770451e-05,1.1309548107778427,0.0
planning_horizon,coupled_oscillator_stabilization,0,512,GraphEuler,20,-27.138173730093246,8.159800561895594,0.19497035938055743,0.06904667183811174,0.0012103236440899796,2.774414283182974,0.0
planning_horizon,coupled_oscillator_stabilization,0,512,GraphEuler,30,-51.51667294107711,21.38719847186988,0.39213129799991303,0.21847150900891954,0.00020566770649062724,4.20621305749207,0.0
planning_horizon,coupled_oscillator_stabilization,1,512,SG-Ham+Symp,1,-34.65235564808382,8.687985886774888,0.277168145142543,0.04849653102896098,-4.959686188277246e-05,0.405834620904812,0.0
planning_horizon,coupled_oscillator_stabilization,1,512,SG-Ham+Symp,5,-29.453373942306815,5.517848155712375,0.17821851547332615,0.047345377116402465,0.0001707287326091489,0.811375084433963,0.0
planning_horizon,coupled_oscillator_stabilization,1,512,SG-Ham+Symp,10,-24.449631786129732,4.961129688304079,0.18174727418800884,0.054771771678879685,-0.00041652849036507195,1.1095385805638742,0.0
planning_horizon,coupled_oscillator_stabilization,1,512,SG-Ham+Symp,20,-58.46940215793873,16.372928678733956,0.4732257338573553,0.15350627794695512,0.023975059085101336,3.528708266927138,0.0
planning_horizon,coupled_oscillator_stabilization,1,512,SG-Ham+Symp,30,-41.79902941673041,13.612233378211842,0.309585883812107,0.13307767330755493,0.017747632899907256,3.962861711692419,0.0
planning_horizon,coupled_oscillator_stabilization,1,512,DirectGraphNext,1,-34.646320627468334,8.688499433691012,0.2767112384750417,0.04846899154854626,-5.946940496640944e-06,0.40604366932540475,0.0
planning_horizon,coupled_oscillator_stabilization,1,512,DirectGraphNext,5,-29.43729675884755,5.514504009014224,0.17834543363922015,0.04724975469604648,-1.4322193400140293e-06,0.8117133054100246,0.0
planning_horizon,coupled_oscillator_stabilization,1,512,DirectGraphNext,10,-24.39133487238043,4.890688572023887,0.18721590288171733,0.05459588440794099,-5.617192317626992e-05,1.1101539909706857,0.0
planning_horizon,coupled_oscillator_stabilization,1,512,DirectGraphNext,20,-58.35469922895075,16.373684023569748,0.4661575625200504,0.15479892924807298,0.0017298742422822144,3.525174956866044,0.0
planning_horizon,coupled_oscillator_stabilization,1,512,DirectGraphNext,30,-41.67328106729829,13.611839055109161,0.31211038058577845,0.13374282032136509,0.0009600410436130247,3.962112440919444,0.0
planning_horizon,coupled_oscillator_stabilization,1,512,GraphEuler,1,-34.646320627468334,8.688499433691012,0.2767112384750417,0.04846899154854626,-5.958455946012779e-06,0.4060436230327906,0.0
planning_horizon,coupled_oscillator_stabilization,1,512,GraphEuler,5,-29.43729675884755,5.514504009014224,0.17834543363922015,0.04724975469604648,-1.5345430062948158e-06,0.8117131768693726,0.0
planning_horizon,coupled_oscillator_stabilization,1,512,GraphEuler,10,-24.39133487238043,4.890688572023887,0.18721590288171733,0.05459588440794099,-5.6583176240021515e-05,1.110153680092395,0.0
planning_horizon,coupled_oscillator_stabilization,1,512,GraphEuler,20,-58.35469922895075,16.373684023569748,0.4661575625200504,0.15479892924807298,0.0017283117953867944,3.5251743887169433,0.0
planning_horizon,coupled_oscillator_stabilization,1,512,GraphEuler,30,-41.67328106729829,13.611839055109161,0.31211038058577845,0.13374282032136509,0.0009567288475086736,3.96211170916254,0.0
planning_horizon,coupled_oscillator_stabilization,2,512,SG-Ham+Symp,1,-36.59419534278923,9.960145171882985,0.40641867329690884,0.08430755692556799,-0.00020480059270988615,0.4483538992469091,0.0
planning_horizon,coupled_oscillator_stabilization,2,512,SG-Ham+Symp,5,-35.418420832814405,7.592023811557963,0.23878008334090817,0.036002825721599636,-0.0016475480731914516,1.1687051782139934,0.0
planning_horizon,coupled_oscillator_stabilization,2,512,SG-Ham+Symp,10,-36.228850864172124,10.506644198262888,0.18188185821804073,0.07822160383813832,0.0011748224185392786,1.6829724463158333,0.0
planning_horizon,coupled_oscillator_stabilization,2,512,SG-Ham+Symp,20,-44.180676024915975,7.8531564288953,0.28172043774064986,0.06449006546942657,0.00708870673919589,2.8643210757348103,0.0
planning_horizon,coupled_oscillator_stabilization,2,512,SG-Ham+Symp,30,-46.56950780378943,12.874470898600322,0.35864350685312757,0.14888836912055914,0.01492319987821844,4.570252066292262,0.0
planning_horizon,coupled_oscillator_stabilization,2,512,DirectGraphNext,1,-36.60009659840284,9.957534727319478,0.4063647375146513,0.08385854476652206,-3.938962667704438e-06,0.4491749594324836,0.0
planning_horizon,coupled_oscillator_stabilization,2,512,DirectGraphNext,5,-35.43526934741955,7.675968060684195,0.23557774098337203,0.037350565658416,-3.25818341200268e-05,1.170635399217857,0.0
planning_horizon,coupled_oscillator_stabilization,2,512,DirectGraphNext,10,-36.36090608421927,10.49399364092768,0.18215818634128803,0.0778906357731789,0.00017622410358756704,1.6833938198245224,0.0
planning_horizon,coupled_oscillator_stabilization,2,512,DirectGraphNext,20,-44.17395456630706,7.865776171581716,0.28189799097556206,0.06543370891633803,0.0014665346312471665,2.883488795655254,0.0
planning_horizon,coupled_oscillator_stabilization,2,512,DirectGraphNext,30,-46.62707804036643,12.872658162569856,0.35867016622902165,0.14902833696478002,0.005231706358532169,4.572991873986077,0.0
planning_horizon,coupled_oscillator_stabilization,2,512,GraphEuler,1,-36.60009659840284,9.957534727319478,0.4063647375146513,0.08385854476652206,-3.953241366668377e-06,0.449174898456053,0.0
planning_horizon,coupled_oscillator_stabilization,2,512,GraphEuler,5,-35.43526934741955,7.675968060684195,0.23557774098337203,0.037350565658416,-3.2778397367483336e-05,1.1706351430761976,0.0
planning_horizon,coupled_oscillator_stabilization,2,512,GraphEuler,10,-36.36090608421927,10.49399364092768,0.18215818634128803,0.0778906357731789,0.00017582745364504623,1.6833935719696742,0.0
planning_horizon,coupled_oscillator_stabilization,2,512,GraphEuler,20,-44.17395456630706,7.865776171581716,0.28189799097556206,0.06543370891633803,0.0014644731337902783,2.883488066585494,0.0
planning_horizon,coupled_oscillator_stabilization,2,512,GraphEuler,30,-46.62707804036643,12.872658162569856,0.35867016622902165,0.14902833696478002,0.005230066718924083,4.572991552998725,0.0
planning_horizon,coupled_oscillator_stabilization,3,512,SG-Ham+Symp,1,-36.988994570636365,5.740863075536487,0.3137494405881367,0.07196068487343599,-0.00012728227029601413,0.41616701747668206,0.0
planning_horizon,coupled_oscillator_stabilization,3,512,SG-Ham+Symp,5,-35.21624907237856,6.227447371157203,0.15792954440271448,0.03215510638127467,-0.0006355293052440203,1.0124481255623243,0.0
planning_horizon,coupled_oscillator_stabilization,3,512,SG-Ham+Symp,10,-43.95999421194386,6.5828702472121945,0.209337096896012,0.033874383376406296,0.002056474412250431,2.1651013447504517,0.0
planning_horizon,coupled_oscillator_stabilization,3,512,SG-Ham+Symp,20,-50.474058793589656,11.628406517054446,0.3165788332500507,0.1070916589133103,0.016139969853642928,2.837428025058817,0.0
planning_horizon,coupled_oscillator_stabilization,3,512,SG-Ham+Symp,30,-44.429151181056284,9.082311614015355,0.3677531315169387,0.11310621875891974,0.0025740885992261062,3.961964243643161,0.0
planning_horizon,coupled_oscillator_stabilization,3,512,DirectGraphNext,1,-36.98863390892629,5.740782501390788,0.3135936107075435,0.07186850076853003,-3.2861051635357796e-06,0.41669952492201895,0.0
planning_horizon,coupled_oscillator_stabilization,3,512,DirectGraphNext,5,-35.21427364323783,6.229034468130893,0.15874171978809784,0.03231709930409687,-2.614931570388279e-06,1.0132527725211011,0.0
planning_horizon,coupled_oscillator_stabilization,3,512,DirectGraphNext,10,-43.930807911638816,6.55974093613509,0.2092857035545034,0.03490675416126742,0.00026518147338746206,2.164367575978593,0.0
planning_horizon,coupled_oscillator_stabilization,3,512,DirectGraphNext,20,-50.46785813685306,11.595077197061922,0.31471559422224954,0.10642598222964172,0.0016529868936612975,2.8329320582560613,0.0
planning_horizon,coupled_oscillator_stabilization,3,512,DirectGraphNext,30,-44.219851672742,9.105339744660837,0.36701504395664447,0.11441035956261476,0.0003160792009400855,3.9629153265131882,0.0
planning_horizon,coupled_oscillator_stabilization,3,512,GraphEuler,1,-36.98863390892629,5.740782501390788,0.3135936107075435,0.07186850076853003,-3.2962583358386865e-06,0.4166994888732649,0.0
planning_horizon,coupled_oscillator_stabilization,3,512,GraphEuler,5,-35.21427364323783,6.229034468130893,0.15874171978809784,0.03231709930409687,-2.75598548190222e-06,1.0132525765082596,0.0
planning_horizon,coupled_oscillator_stabilization,3,512,GraphEuler,10,-43.930807911638816,6.55974093613509,0.2092857035545034,0.03490675416126742,0.0002646546753573749,2.164367277805912,0.0
planning_horizon,coupled_oscillator_stabilization,3,512,GraphEuler,20,-50.46785813685306,11.595077197061922,0.31471559422224954,0.10642598222964172,0.0016520283467530799,2.8329317340706837,0.0
planning_horizon,coupled_oscillator_stabilization,3,512,GraphEuler,30,-44.219851672742,9.105339744660837,0.36701504395664447,0.11441035956261476,0.00031190532265767956,3.962914427355177,0.0
planning_horizon,coupled_oscillator_stabilization,4,512,SG-Ham+Symp,1,-31.264630972399363,5.957130729540974,0.25964028204934203,0.04875728559355911,-6.807728660747821e-05,0.33856835081633746,0.0
planning_horizon,coupled_oscillator_stabilization,4,512,SG-Ham+Symp,5,-40.19368756150616,9.029265451084381,0.179336956291703,0.04688799989576676,-0.0004773409009678116,1.0271182291709164,0.0
planning_horizon,coupled_oscillator_stabilization,4,512,SG-Ham+Symp,10,-34.400470376418305,6.282358315598321,0.16739740559630387,0.0213223780336937,0.0034409774365819303,1.6174487134004103,0.0
planning_horizon,coupled_oscillator_stabilization,4,512,SG-Ham+Symp,20,-40.42126431667504,7.77144426057677,0.24033106915544797,0.08290109135261949,0.01541358520050847,2.8993574599980207,0.0
planning_horizon,coupled_oscillator_stabilization,4,512,SG-Ham+Symp,30,-41.10296846557409,12.296933924816635,0.340837712694494,0.16825352869451357,0.0170492966614398,3.7185728651563204,0.0
planning_horizon,coupled_oscillator_stabilization,4,512,DirectGraphNext,1,-31.2688345903761,5.95670916764151,0.2602669445945251,0.04879931506252559,1.5398789969811588e-06,0.33888037129874854,0.0
planning_horizon,coupled_oscillator_stabilization,4,512,DirectGraphNext,5,-40.305195737266246,9.073222838814422,0.18170952781979807,0.04779298276354401,2.8482825886004073e-06,1.028000505138668,0.0
planning_horizon,coupled_oscillator_stabilization,4,512,DirectGraphNext,10,-34.403322711995834,6.312669222742569,0.16850938844649513,0.022298688351413732,0.00023117637499951252,1.616063899404154,0.0
planning_horizon,coupled_oscillator_stabilization,4,512,DirectGraphNext,20,-40.49472706334573,7.840224199893024,0.2399242990384677,0.08813036339008665,0.000736955590896334,2.897477489768183,0.0
planning_horizon,coupled_oscillator_stabilization,4,512,DirectGraphNext,30,-41.19773518083648,12.280199086323842,0.3366268382916034,0.1687542169057116,0.003247952640055137,3.7211066533246755,0.0
planning_horizon,coupled_oscillator_stabilization,4,512,GraphEuler,1,-31.2688345903761,5.95670916764151,0.2602669445945251,0.04879931506252559,1.531864333714772e-06,0.33888033962690534,0.0
planning_horizon,coupled_oscillator_stabilization,4,512,GraphEuler,5,-40.305195737266246,9.073222838814422,0.18170952781979807,0.04779298276354401,2.7224219648995054e-06,1.028000368041688,0.0
planning_horizon,coupled_oscillator_stabilization,4,512,GraphEuler,10,-34.403322711995834,6.312669222742569,0.16850938844649513,0.022298688351413732,0.00023080682499794966,1.6160636702373143,0.0
planning_horizon,coupled_oscillator_stabilization,4,512,GraphEuler,20,-40.49472706334573,7.840224199893024,0.2399242990384677,0.08813036339008665,0.0007356729437327422,2.897477074249452,0.0
planning_horizon,coupled_oscillator_stabilization,4,512,GraphEuler,30,-41.19773518083648,12.280199086323842,0.3366268382916034,0.1687542169057116,0.003245292318849143,3.721106075805562,0.0
