experiment,env,seed,horizon,model,one_step_rmse,rollout_rmse,max_energy_drift,final_energy_drift,divergence_rate
nonlinear_dynamics,nonlinear_chain_stabilization,0,1,SG-PolyHam+Symp,1.71829494210549e-10,1.0814888611071333e-10,0.0001856402372596766,0.0001856402372596766,0.0
nonlinear_dynamics,nonlinear_chain_stabilization,0,10,SG-PolyHam+Symp,1.71829494210549e-10,7.906474121509871e-10,0.0018763626538100125,0.001735303285563542,0.0
nonlinear_dynamics,nonlinear_chain_stabilization,0,25,SG-PolyHam+Symp,1.71829494210549e-10,1.5285933585613072e-09,0.002090712021527444,0.001089672482027589,0.0
nonlinear_dynamics,nonlinear_chain_stabilization,0,50,SG-PolyHam+Symp,1.71829494210549e-10,2.5687276023953733e-09,0.001638221221617173,0.0011115423259670163,0.0
nonlinear_dynamics,nonlinear_chain_stabilization,0,100,SG-PolyHam+Symp,1.71829494210549e-10,4.651267488044436e-09,0.0018368407180226053,0.0012070341583402585,0.0
nonlinear_dynamics,nonlinear_chain_stabilization,0,250,SG-PolyHam+Symp,1.71829494210549e-10,1.1684761165568197e-08,0.0014702799467145404,0.0008037711292552121,0.0
nonlinear_dynamics,nonlinear_chain_stabilization,0,500,SG-PolyHam+Symp,1.71829494210549e-10,2.305625230485639e-08,0.0018278060813866532,0.0010950165273692514,0.0
nonlinear_dynamics,nonlinear_chain_stabilization,0,1,DirectGraphNext,0.06037352899557352,0.025486107828316684,0.005777519074370491,0.005777519074370491,0.0
nonlinear_dynamics,nonlinear_chain_stabilization,0,10,DirectGraphNext,0.06037352899557352,0.20892768072799509,0.25615524944396545,0.2529948144161277,0.0
nonlinear_dynamics,nonlinear_chain_stabilization,0,25,DirectGraphNext,0.06037352899557352,0.3332334368429423,0.3662458145692467,0.14133423286748728,0.0
nonlinear_dynamics,nonlinear_chain_stabilization,0,50,DirectGraphNext,0.06037352899557352,0.5435091298520097,0.4624004299861511,0.2857921134624901,0.0
nonlinear_dynamics,nonlinear_chain_stabilization,0,100,DirectGraphNext,0.06037352899557352,1.0254648127104262,0.6349055187854983,0.5360659550106383,0.0
nonlinear_dynamics,nonlinear_chain_stabilization,0,250,DirectGraphNext,0.06037352899557352,1.607330964035737,1.8766730842428696,1.7264009701465775,0.0
nonlinear_dynamics,nonlinear_chain_stabilization,0,500,DirectGraphNext,0.06037352899557352,2.0276667635736025,8.407686742128993,7.1611588281072684,0.0
nonlinear_dynamics,nonlinear_chain_stabilization,0,1,GraphEuler,0.060373529011975194,0.025486107836905466,0.005777518158187861,0.005777518158187861,0.0
nonlinear_dynamics,nonlinear_chain_stabilization,0,10,GraphEuler,0.060373529011975194,0.208927681342844,0.2561552877425978,0.25299484944661743,0.0
nonlinear_dynamics,nonlinear_chain_stabilization,0,25,GraphEuler,0.060373529011975194,0.33323345894133183,0.36624590239564614,0.1413343987199458,0.0
nonlinear_dynamics,nonlinear_chain_stabilization,0,50,GraphEuler,0.060373529011975194,0.5435091476127748,0.46240057659865075,0.2857923820293263,0.0
nonlinear_dynamics,nonlinear_chain_stabilization,0,100,GraphEuler,0.060373529011975194,1.0254648781691147,0.6349061937334537,0.5360667077105292,0.0
nonlinear_dynamics,nonlinear_chain_stabilization,0,250,GraphEuler,0.060373529011975194,1.6073313348478149,1.876676315086775,1.7264036134988094,0.0
nonlinear_dynamics,nonlinear_chain_stabilization,0,500,GraphEuler,0.060373529011975194,2.027667493598106,8.407692860994429,7.161159065823082,0.0
nonlinear_dynamics,nonlinear_chain_target,0,1,SG-PolyHam+Symp,2.2440094892682817e-10,1.488471799289987e-10,6.321223351905868e-05,6.321223351905868e-05,0.0
nonlinear_dynamics,nonlinear_chain_target,0,10,SG-PolyHam+Symp,2.2440094892682817e-10,1.1151525735443514e-09,0.0013698644296376824,0.0013692010061174618,0.0
nonlinear_dynamics,nonlinear_chain_target,0,25,SG-PolyHam+Symp,2.2440094892682817e-10,2.1548612965080134e-09,0.0016361451254037884,0.0012417521962032063,0.0
nonlinear_dynamics,nonlinear_chain_target,0,50,SG-PolyHam+Symp,2.2440094892682817e-10,3.2859102118075052e-09,0.0014493887003584702,0.0012110378735271786,0.0
nonlinear_dynamics,nonlinear_chain_target,0,100,SG-PolyHam+Symp,2.2440094892682817e-10,6.185809823319657e-09,0.0015061866073308855,0.0008966147035494486,0.0
nonlinear_dynamics,nonlinear_chain_target,0,250,SG-PolyHam+Symp,2.2440094892682817e-10,1.5917785829856378e-08,0.001325349809632495,0.0009119731309077996,0.0
nonlinear_dynamics,nonlinear_chain_target,0,500,SG-PolyHam+Symp,2.2440094892682817e-10,3.130585770895e-08,0.001441775617467703,0.0008771700767512472,0.0
nonlinear_dynamics,nonlinear_chain_target,0,1,DirectGraphNext,0.020890243902995282,0.008798755174446497,0.0021093207667142403,0.0021093207667142403,0.0
nonlinear_dynamics,nonlinear_chain_target,0,10,DirectGraphNext,0.020890243902995282,0.0781869535150585,0.14468120115137986,0.1438451196928584,0.0
nonlinear_dynamics,nonlinear_chain_target,0,25,DirectGraphNext,0.020890243902995282,0.12259025053622001,0.2893533092700251,0.17909725036989257,0.0
nonlinear_dynamics,nonlinear_chain_target,0,50,DirectGraphNext,0.020890243902995282,0.2071373139595785,0.3836852346742494,0.3413966218384387,0.0
nonlinear_dynamics,nonlinear_chain_target,0,100,DirectGraphNext,0.020890243902995282,0.4084350870504421,0.5465365064872698,0.5211981016069752,0.0
nonlinear_dynamics,nonlinear_chain_target,0,250,DirectGraphNext,0.020890243902995282,0.8495068079838383,1.5592540314686543,1.5293625945806937,0.0
nonlinear_dynamics,nonlinear_chain_target,0,500,DirectGraphNext,0.020890243902995282,1.1794798434865665,5.753542298971567,5.088994860148017,0.0
nonlinear_dynamics,nonlinear_chain_target,0,1,GraphEuler,0.020890243946163,0.008798755210756562,0.0021093192503370876,0.0021093192503370876,0.0
nonlinear_dynamics,nonlinear_chain_target,0,10,GraphEuler,0.020890243946163,0.07818695423616383,0.1446813445943586,0.1438452608080772,0.0
nonlinear_dynamics,nonlinear_chain_target,0,25,GraphEuler,0.020890243946163,0.12259034941747994,0.2893538328513941,0.17909813240176442,0.0
nonlinear_dynamics,nonlinear_chain_target,0,50,GraphEuler,0.020890243946163,0.207137378232397,0.38368627408462325,0.34139794937287143,0.0
nonlinear_dynamics,nonlinear_chain_target,0,100,GraphEuler,0.020890243946163,0.4084353174125574,0.5465401526299073,0.5212019629143868,0.0
nonlinear_dynamics,nonlinear_chain_target,0,250,GraphEuler,0.020890243946163,0.8495076751952322,1.559266824551295,1.5293760412177821,0.0
nonlinear_dynamics,nonlinear_chain_target,0,500,GraphEuler,0.020890243946163,1.1794826709498805,5.753568033500696,5.089025164307652,0.0
nonlinear_dynamics,nonlinear_chain_stabilization,1,1,SG-PolyHam+Symp,1.8753209489693593e-10,1.0502839238415673e-10,0.00016351667429636793,0.00016351667429636793,0.0
nonlinear_dynamics,nonlinear_chain_stabilization,1,10,SG-PolyHam+Symp,1.8753209489693593e-10,8.147626940631712e-10,0.0019617348992690934,0.001759794273944298,0.0
nonlinear_dynamics,nonlinear_chain_stabilization,1,25,SG-PolyHam+Symp,1.8753209489693593e-10,1.5764851329337913e-09,0.001394262491001082,0.000669530852426066,0.0
nonlinear_dynamics,nonlinear_chain_stabilization,1,50,SG-PolyHam+Symp,1.8753209489693593e-10,2.536908138025784e-09,0.0014244590706940583,0.0006870618171263765,0.0
nonlinear_dynamics,nonlinear_chain_stabilization,1,100,SG-PolyHam+Symp,1.8753209489693593e-10,4.440889446962278e-09,0.0024468449471066207,0.0016314009021653319,0.0
nonlinear_dynamics,nonlinear_chain_stabilization,1,250,SG-PolyHam+Symp,1.8753209489693593e-10,1.2149769531455262e-08,0.0018502751341409832,0.0014034796003860534,0.0
nonlinear_dynamics,nonlinear_chain_stabilization,1,500,SG-PolyHam+Symp,1.8753209489693593e-10,2.4246034255741182e-08,0.002161992006586769,0.0015370838562938933,0.0
nonlinear_dynamics,nonlinear_chain_stabilization,1,1,DirectGraphNext,0.07185883414021565,0.027895282577683922,0.00861047489581235,0.00861047489581235,0.0
nonlinear_dynamics,nonlinear_chain_stabilization,1,10,DirectGraphNext,0.07185883414021565,0.2142139899608921,0.23690085781263973,0.22737109123385593,0.0
nonlinear_dynamics,nonlinear_chain_stabilization,1,25,DirectGraphNext,0.07185883414021565,0.2806765009276157,0.35326994975991327,0.10022451300990265,0.0
nonlinear_dynamics,nonlinear_chain_stabilization,1,50,DirectGraphNext,0.07185883414021565,0.503396559419588,0.33480893474393153,0.1380502054421198,0.0
nonlinear_dynamics,nonlinear_chain_stabilization,1,100,DirectGraphNext,0.07185883414021565,1.0174285297110204,0.38105493886778485,0.2173573551060665,0.0
nonlinear_dynamics,nonlinear_chain_stabilization,1,250,DirectGraphNext,0.07185883414021565,1.4677536989224718,0.5708337303183544,0.464711940270569,0.0
nonlinear_dynamics,nonlinear_chain_stabilization,1,500,DirectGraphNext,0.07185883414021565,1.6839334558213812,1.0372541322590731,0.8134070718342757,0.0
nonlinear_dynamics,nonlinear_chain_stabilization,1,1,GraphEuler,0.0718588341870547,0.02789528228376804,0.008610473752859435,0.008610473752859435,0.0
nonlinear_dynamics,nonlinear_chain_stabilization,1,10,GraphEuler,0.0718588341870547,0.21421398856306983,0.23690088707692017,0.22737112006862234,0.0
nonlinear_dynamics,nonlinear_chain_stabilization,1,25,GraphEuler,0.0718588341870547,0.2806765236273788,0.35327005341146545,0.10022468586379756,0.0
nonlinear_dynamics,nonlinear_chain_stabilization,1,50,GraphEuler,0.0718588341870547,0.5033965811138787,0.3348090717699684,0.1380504642309057,0.0
nonlinear_dynamics,nonlinear_chain_stabilization,1,100,GraphEuler,0.0718588341870547,1.017428535487588,0.381054970239501,0.21735753826760718,0.0
nonlinear_dynamics,nonlinear_chain_stabilization,1,250,GraphEuler,0.0718588341870547,1.4677538622860362,0.5708346281306067,0.46471293759766413,0.0
nonlinear_dynamics,nonlinear_chain_stabilization,1,500,GraphEuler,0.0718588341870547,1.6839339745004913,1.037255539337177,0.8134087152744424,0.0
nonlinear_dynamics,nonlinear_chain_target,1,1,SG-PolyHam+Symp,2.4473640379396414e-10,1.447660224403701e-10,6.131713001550933e-05,6.131713001550933e-05,0.0
nonlinear_dynamics,nonlinear_chain_target,1,10,SG-PolyHam+Symp,2.4473640379396414e-10,1.159991547634547e-09,0.0014515055305199323,0.0014433411856096805,0.0
nonlinear_dynamics,nonlinear_chain_target,1,25,SG-PolyHam+Symp,2.4473640379396414e-10,2.310909543535003e-09,0.0013238417622664738,0.001053775974570162,0.0
nonlinear_dynamics,nonlinear_chain_target,1,50,SG-PolyHam+Symp,2.4473640379396414e-10,3.3272239370572642e-09,0.0013011662916564976,0.001022205360042231,0.0
nonlinear_dynamics,nonlinear_chain_target,1,100,SG-PolyHam+Symp,2.4473640379396414e-10,5.7988302677611675e-09,0.0018252783051007748,0.0010948238258642981,0.0
nonlinear_dynamics,nonlinear_chain_target,1,250,SG-PolyHam+Symp,2.4473640379396414e-10,1.6387900670752324e-08,0.0015455205658865504,0.0010343815469797285,0.0
nonlinear_dynamics,nonlinear_chain_target,1,500,SG-PolyHam+Symp,2.4473640379396414e-10,3.299453611115267e-08,0.001629965198986898,0.0008339266108492227,0.0
nonlinear_dynamics,nonlinear_chain_target,1,1,DirectGraphNext,0.024804163163101328,0.009642461353008377,0.0032397646241290184,0.0032397646241290184,0.0
nonlinear_dynamics,nonlinear_chain_target,1,10,DirectGraphNext,0.024804163163101328,0.08162000332981874,0.1393727247664863,0.13505487278646583,0.0
nonlinear_dynamics,nonlinear_chain_target,1,25,DirectGraphNext,0.024804163163101328,0.100323409522393,0.27491506282885697,0.13825591746960084,0.0
nonlinear_dynamics,nonlinear_chain_target,1,50,DirectGraphNext,0.024804163163101328,0.18447375695626692,0.26183572580557196,0.16109817892973397,0.0
nonlinear_dynamics,nonlinear_chain_target,1,100,DirectGraphNext,0.024804163163101328,0.4142669700814763,0.30126467586529576,0.2560162717030693,0.0
nonlinear_dynamics,nonlinear_chain_target,1,250,DirectGraphNext,0.024804163163101328,0.7434787696352704,0.46916049735011517,0.39462785230419556,0.0
nonlinear_dynamics,nonlinear_chain_target,1,500,DirectGraphNext,0.024804163163101328,0.952276585931006,0.8119344878210507,0.7199830386489525,0.0
nonlinear_dynamics,nonlinear_chain_target,1,1,GraphEuler,0.024804163289976748,0.009642460537045693,0.003239763604201336,0.003239763604201336,0.0
nonlinear_dynamics,nonlinear_chain_target,1,10,GraphEuler,0.024804163289976748,0.08161999971107435,0.13937281192860804,0.1350549606485997,0.0
nonlinear_dynamics,nonlinear_chain_target,1,25,GraphEuler,0.024804163289976748,0.10032352698270279,0.27491568294995733,0.13825698356828336,0.0
nonlinear_dynamics,nonlinear_chain_target,1,50,GraphEuler,0.024804163289976748,0.18447382314385083,0.26183623962600805,0.16109970417998254,0.0
nonlinear_dynamics,nonlinear_chain_target,1,100,GraphEuler,0.024804163289976748,0.4142669723185086,0.3012648027688426,0.2560171135460181,0.0
nonlinear_dynamics,nonlinear_chain_target,1,250,GraphEuler,0.024804163289976748,0.7434789391345635,0.4691642103550591,0.3946328913266141,0.0
nonlinear_dynamics,nonlinear_chain_target,1,500,GraphEuler,0.024804163289976748,0.9522783426139648,0.8119435794825641,0.7199932116863424,0.0
nonlinear_dynamics,nonlinear_chain_stabilization,2,1,SG-PolyHam+Symp,1.673037005174333e-10,9.36158473643747e-11,0.00014778158985812042,0.00014778158985812042,0.0
nonlinear_dynamics,nonlinear_chain_stabilization,2,10,SG-PolyHam+Symp,1.673037005174333e-10,8.042121140364208e-10,0.0017330313852477377,0.0015443596662670347,0.0
nonlinear_dynamics,nonlinear_chain_stabilization,2,25,SG-PolyHam+Symp,1.673037005174333e-10,1.475338076207801e-09,0.001689015057521828,0.0006900253268046908,0.0
nonlinear_dynamics,nonlinear_chain_stabilization,2,50,SG-PolyHam+Symp,1.673037005174333e-10,2.4191752119126218e-09,0.0016964145847389556,0.0011075966299714348,0.0
nonlinear_dynamics,nonlinear_chain_stabilization,2,100,SG-PolyHam+Symp,1.673037005174333e-10,4.634842915858742e-09,0.001915209107553123,0.0012828002868116863,0.0
nonlinear_dynamics,nonlinear_chain_stabilization,2,250,SG-PolyHam+Symp,1.673037005174333e-10,1.1095093277239595e-08,0.0020548240373283403,0.0014129293829776258,0.0
nonlinear_dynamics,nonlinear_chain_stabilization,2,500,SG-PolyHam+Symp,1.673037005174333e-10,2.2048029400546822e-08,0.0018062719674703214,0.0012651506150021274,0.0
nonlinear_dynamics,nonlinear_chain_stabilization,2,1,DirectGraphNext,0.055789568350635664,0.025986192461450383,0.009835183620448181,0.009835183620448181,0.0
nonlinear_dynamics,nonlinear_chain_stabilization,2,10,DirectGraphNext,0.055789568350635664,0.2148530438360298,0.23450428343785337,0.23021552077808435,0.0
nonlinear_dynamics,nonlinear_chain_stabilization,2,25,DirectGraphNext,0.055789568350635664,0.28703655899704245,0.28743997048483383,0.0888691716071857,0.0
nonlinear_dynamics,nonlinear_chain_stabilization,2,50,DirectGraphNext,0.055789568350635664,0.5635920418525733,0.3654685674003266,0.16218223542494045,0.0
nonlinear_dynamics,nonlinear_chain_stabilization,2,100,DirectGraphNext,0.055789568350635664,0.9807959168259068,0.4763287128919793,0.35268637429835614,0.0
nonlinear_dynamics,nonlinear_chain_stabilization,2,250,DirectGraphNext,0.055789568350635664,1.5300056165021676,1.3202219612807278,1.218883594336613,0.0
nonlinear_dynamics,nonlinear_chain_stabilization,2,500,DirectGraphNext,0.055789568350635664,1.7997842592252287,7.627502098283803,7.128040355729503,0.0
nonlinear_dynamics,nonlinear_chain_stabilization,2,1,GraphEuler,0.055789568305177575,0.02598619228724074,0.009835184587518234,0.009835184587518234,0.0
nonlinear_dynamics,nonlinear_chain_stabilization,2,10,GraphEuler,0.055789568305177575,0.2148530411402466,0.23450432573536062,0.23021556257614986,0.0
nonlinear_dynamics,nonlinear_chain_stabilization,2,25,GraphEuler,0.055789568305177575,0.2870365693295747,0.2874400513122914,0.0888693037199129,0.0
nonlinear_dynamics,nonlinear_chain_stabilization,2,50,GraphEuler,0.055789568305177575,0.5635920545742471,0.3654686590021005,0.16218252393982138,0.0
nonlinear_dynamics,nonlinear_chain_stabilization,2,100,GraphEuler,0.055789568305177575,0.9807959343621073,0.47632892781246045,0.35268683692979047,0.0
nonlinear_dynamics,nonlinear_chain_stabilization,2,250,GraphEuler,0.055789568305177575,1.5300057836085117,1.3202221135450023,1.2188838832825997,0.0
nonlinear_dynamics,nonlinear_chain_stabilization,2,500,GraphEuler,0.055789568305177575,1.7997841256211407,7.627479500948927,7.128019088182707,0.0
nonlinear_dynamics,nonlinear_chain_target,2,1,SG-PolyHam+Symp,2.1802950328337238e-10,1.2937413989476924e-10,5.7480612382493705e-05,5.7480612382493705e-05,0.0
nonlinear_dynamics,nonlinear_chain_target,2,10,SG-PolyHam+Symp,2.1802950328337238e-10,1.1322334379920006e-09,0.001306028892819498,0.001295177949875186,0.0
nonlinear_dynamics,nonlinear_chain_target,2,25,SG-PolyHam+Symp,2.1802950328337238e-10,2.098233023546152e-09,0.0014394214517945605,0.0011124171991597242,0.0
nonlinear_dynamics,nonlinear_chain_target,2,50,SG-PolyHam+Symp,2.1802950328337238e-10,3.1514731585594754e-09,0.001437546986465679,0.0011477584931182776,0.0
nonlinear_dynamics,nonlinear_chain_target,2,100,SG-PolyHam+Symp,2.1802950328337238e-10,6.281551234635633e-09,0.00154378217939344,0.0007734021590341894,0.0
nonlinear_dynamics,nonlinear_chain_target,2,250,SG-PolyHam+Symp,2.1802950328337238e-10,1.5366484838966195e-08,0.0015505842283791635,0.0010571015349926463,0.0
nonlinear_dynamics,nonlinear_chain_target,2,500,SG-PolyHam+Symp,2.1802950328337238e-10,2.944498113137114e-08,0.0014729991641216605,0.0008683250882999795,0.0
nonlinear_dynamics,nonlinear_chain_target,2,1,DirectGraphNext,0.01931128552985272,0.008975817232592102,0.0038923866412336745,0.0038923866412336745,0.0
nonlinear_dynamics,nonlinear_chain_target,2,10,DirectGraphNext,0.01931128552985272,0.08147970742603393,0.14675827719909904,0.14551052363130917,0.0
nonlinear_dynamics,nonlinear_chain_target,2,25,DirectGraphNext,0.01931128552985272,0.1029116003272801,0.24485630829039406,0.1261923652620859,0.0
nonlinear_dynamics,nonlinear_chain_target,2,50,DirectGraphNext,0.01931128552985272,0.2085832111533685,0.29867635552511085,0.22639819656003154,0.0
nonlinear_dynamics,nonlinear_chain_target,2,100,DirectGraphNext,0.01931128552985272,0.3952072918895027,0.4007244245118479,0.3725913308399198,0.0
nonlinear_dynamics,nonlinear_chain_target,2,250,DirectGraphNext,0.01931128552985272,0.7690351960104929,0.9701894384207398,0.8855105347965527,0.0
nonlinear_dynamics,nonlinear_chain_target,2,500,DirectGraphNext,0.01931128552985272,1.031262579484059,4.479888123092867,4.127868953428481,0.0
nonlinear_dynamics,nonlinear_chain_target,2,1,GraphEuler,0.019311285398264346,0.0089758167577579,0.003892387697243864,0.003892387697243864,0.0
nonlinear_dynamics,nonlinear_chain_target,2,10,GraphEuler,0.019311285398264346,0.08147970063201253,0.14675841998994374,0.1455106643628,0.0
nonlinear_dynamics,nonlinear_chain_target,2,25,GraphEuler,0.019311285398264346,0.1029116515229818,0.24485679249321649,0.1261932330024791,0.0
nonlinear_dynamics,nonlinear_chain_target,2,50,GraphEuler,0.019311285398264346,0.20858323357383227,0.29867682174369087,0.22639960931543204,0.0
nonlinear_dynamics,nonlinear_chain_target,2,100,GraphEuler,0.019311285398264346,0.39520731634964235,0.4007258097843504,0.37259348146456395,0.0
nonlinear_dynamics,nonlinear_chain_target,2,250,GraphEuler,0.019311285398264346,0.7690354433024318,0.9701909228735812,0.885513130175925,0.0
nonlinear_dynamics,nonlinear_chain_target,2,500,GraphEuler,0.019311285398264346,1.0312622662340905,4.479833833146706,4.1278254518124635,0.0
nonlinear_dynamics,nonlinear_chain_stabilization,3,1,SG-PolyHam+Symp,1.8415255512871467e-10,1.1325246674937561e-10,0.00013736091305356683,0.00013736091305356683,0.0
nonlinear_dynamics,nonlinear_chain_stabilization,3,10,SG-PolyHam+Symp,1.8415255512871467e-10,7.684018518639069e-10,0.0019977131143523764,0.0018362906589241077,0.0
nonlinear_dynamics,nonlinear_chain_stabilization,3,25,SG-PolyHam+Symp,1.8415255512871467e-10,1.6492084373775366e-09,0.0019142900214620224,0.0007077280629097971,0.0
nonlinear_dynamics,nonlinear_chain_stabilization,3,50,SG-PolyHam+Symp,1.8415255512871467e-10,2.5340678599608257e-09,0.0016601029795704138,0.000953884907798852,0.0
nonlinear_dynamics,nonlinear_chain_stabilization,3,100,SG-PolyHam+Symp,1.8415255512871467e-10,4.600675828643014e-09,0.0018889856018376235,0.0012661234906441979,0.0
nonlinear_dynamics,nonlinear_chain_stabilization,3,250,SG-PolyHam+Symp,1.8415255512871467e-10,1.1436229782935512e-08,0.0016682811344552984,0.0010523325440560452,0.0
nonlinear_dynamics,nonlinear_chain_stabilization,3,500,SG-PolyHam+Symp,1.8415255512871467e-10,2.307818923131489e-08,0.002340481630749496,0.0014366861510896397,0.0
nonlinear_dynamics,nonlinear_chain_stabilization,3,1,DirectGraphNext,0.06181405328868985,0.03988749310769781,0.0057032046667044355,0.0057032046667044355,0.0
nonlinear_dynamics,nonlinear_chain_stabilization,3,10,DirectGraphNext,0.06181405328868985,0.19510254003520092,0.20168792334233032,0.19905343548178908,0.0
nonlinear_dynamics,nonlinear_chain_stabilization,3,25,DirectGraphNext,0.06181405328868985,0.291256048449545,0.2818802002327873,0.07432318781235821,0.0
nonlinear_dynamics,nonlinear_chain_stabilization,3,50,DirectGraphNext,0.06181405328868985,0.5430217534546441,0.3282071016494318,0.11133757858806699,0.0
nonlinear_dynamics,nonlinear_chain_stabilization,3,100,DirectGraphNext,0.06181405328868985,0.9437789682810808,0.3419886259265743,0.09477238289360901,0.0
nonlinear_dynamics,nonlinear_chain_stabilization,3,250,DirectGraphNext,0.06181405328868985,1.335648361242935,0.371359992843306,0.1786978286700791,0.0
nonlinear_dynamics,nonlinear_chain_stabilization,3,500,DirectGraphNext,0.06181405328868985,1.5571146667614364,0.3742118748181267,0.12128880577813146,0.0
nonlinear_dynamics,nonlinear_chain_stabilization,3,1,GraphEuler,0.0618140533851015,0.039887493153970915,0.0057032066547606924,0.0057032066547606924,0.0
nonlinear_dynamics,nonlinear_chain_stabilization,3,10,GraphEuler,0.0618140533851015,0.1951025375088117,0.20168795473756004,0.1990534691130572,0.0
nonlinear_dynamics,nonlinear_chain_stabilization,3,25,GraphEuler,0.0618140533851015,0.2912560644249028,0.2818802488851618,0.07432326362524834,0.0
nonlinear_dynamics,nonlinear_chain_stabilization,3,50,GraphEuler,0.0618140533851015,0.5430217716659742,0.32820718739959814,0.1113377394703623,0.0
nonlinear_dynamics,nonlinear_chain_stabilization,3,100,GraphEuler,0.0618140533851015,0.9437789900506545,0.3419887491746394,0.09477284962964368,0.0
nonlinear_dynamics,nonlinear_chain_stabilization,3,250,GraphEuler,0.0618140533851015,1.3356485519660193,0.37136010655139157,0.17869850511043428,0.0
nonlinear_dynamics,nonlinear_chain_stabilization,3,500,GraphEuler,0.0618140533851015,1.5571152024894959,0.37421158282071837,0.12128770987904319,0.0
nonlinear_dynamics,nonlinear_chain_target,3,1,SG-PolyHam+Symp,2.395209461716542e-10,1.5368222612039824e-10,4.517609733992289e-05,4.517609733992289e-05,0.0
nonlinear_dynamics,nonlinear_chain_target,3,10,SG-PolyHam+Symp,2.395209461716542e-10,1.0871640102478168e-09,0.0014911354617242075,0.0014870219960912148,0.0
nonlinear_dynamics,nonlinear_chain_target,3,25,SG-PolyHam+Symp,2.395209461716542e-10,2.358035350671949e-09,0.0015473099561852163,0.0011233087089426972,0.0
nonlinear_dynamics,nonlinear_chain_target,3,50,SG-PolyHam+Symp,2.395209461716542e-10,3.388454880585072e-09,0.0013981476489712263,0.0011241554652762552,0.0
nonlinear_dynamics,nonlinear_chain_target,3,100,SG-PolyHam+Symp,2.395209461716542e-10,6.120125936632726e-09,0.0015331793713552868,0.0008364700275750428,0.0
nonlinear_dynamics,nonlinear_chain_target,3,250,SG-PolyHam+Symp,2.395209461716542e-10,1.501096958260731e-08,0.0014624126942344793,0.0009276706044024761,0.0
nonlinear_dynamics,nonlinear_chain_target,3,500,SG-PolyHam+Symp,2.395209461716542e-10,3.107690785758983e-08,0.0017087315936077728,0.0011988448208295926,0.0
nonlinear_dynamics,nonlinear_chain_target,3,1,DirectGraphNext,0.021374935714977478,0.01376962820650806,0.002319379149099231,0.002319379149099231,0.0
nonlinear_dynamics,nonlinear_chain_target,3,10,DirectGraphNext,0.021374935714977478,0.07137187499180275,0.11453212172920306,0.11019973735307265,0.0
nonlinear_dynamics,nonlinear_chain_target,3,25,DirectGraphNext,0.021374935714977478,0.1014059342955499,0.21788362562975128,0.08275133705364571,0.0
nonlinear_dynamics,nonlinear_chain_target,3,50,DirectGraphNext,0.021374935714977478,0.20137141711511516,0.24260477616493037,0.12244039734826935,0.0
nonlinear_dynamics,nonlinear_chain_target,3,100,DirectGraphNext,0.021374935714977478,0.3756086719497826,0.243617271558057,0.09699582987349807,0.0
nonlinear_dynamics,nonlinear_chain_target,3,250,DirectGraphNext,0.021374935714977478,0.7145584515526785,0.27251192071900726,0.05356472964971332,0.0
nonlinear_dynamics,nonlinear_chain_target,3,500,DirectGraphNext,0.021374935714977478,0.8938348656606382,0.264819945755891,0.09494373700946217,0.0
nonlinear_dynamics,nonlinear_chain_target,3,1,GraphEuler,0.021374935980578626,0.01376962834621435,0.0023193843659089215,0.0023193843659089215,0.0
nonlinear_dynamics,nonlinear_chain_target,3,10,GraphEuler,0.021374935980578626,0.07137186929884126,0.1145322210432318,0.11019982501861365,0.0
nonlinear_dynamics,nonlinear_chain_target,3,25,GraphEuler,0.021374935980578626,0.10140600788351395,0.21788386176579863,0.0827518418399719,0.0
nonlinear_dynamics,nonlinear_chain_target,3,50,GraphEuler,0.021374935980578626,0.20137147329536073,0.2426051701355819,0.12244193857175227,0.0
nonlinear_dynamics,nonlinear_chain_target,3,100,GraphEuler,0.021374935980578626,0.3756087576112512,0.2436179536681772,0.09699773407058526,0.0
nonlinear_dynamics,nonlinear_chain_target,3,250,GraphEuler,0.021374935980578626,0.7145586487698429,0.2725119045623445,0.053566922533570906,0.0
nonlinear_dynamics,nonlinear_chain_target,3,500,GraphEuler,0.021374935980578626,0.8938367141782044,0.26481797211373387,0.09493511417007088,0.0
nonlinear_dynamics,nonlinear_chain_stabilization,4,1,SG-PolyHam+Symp,1.6866877757904024e-10,1.0362592929405878e-10,0.00017175833161154374,0.00017175833161154374,0.0
nonlinear_dynamics,nonlinear_chain_stabilization,4,10,SG-PolyHam+Symp,1.6866877757904024e-10,7.654027740208843e-10,0.0020891077815391084,0.0018580344865418753,0.0
nonlinear_dynamics,nonlinear_chain_stabilization,4,25,SG-PolyHam+Symp,1.6866877757904024e-10,1.5243660040621202e-09,0.0019303203611800424,0.0009843451976899369,0.0
nonlinear_dynamics,nonlinear_chain_stabilization,4,50,SG-PolyHam+Symp,1.6866877757904024e-10,2.5477773638063774e-09,0.0017511649013015416,0.001169900935683143,0.0
nonlinear_dynamics,nonlinear_chain_stabilization,4,100,SG-PolyHam+Symp,1.6866877757904024e-10,4.572618961021624e-09,0.00185446666118698,0.0009572238340960791,0.0
nonlinear_dynamics,nonlinear_chain_stabilization,4,250,SG-PolyHam+Symp,1.6866877757904024e-10,1.1239395627920376e-08,0.0014493209384888672,0.0007289984504477553,0.0
nonlinear_dynamics,nonlinear_chain_stabilization,4,500,SG-PolyHam+Symp,1.6866877757904024e-10,2.168537819032771e-08,0.001732810706288932,0.0010535420765275048,0.0
nonlinear_dynamics,nonlinear_chain_stabilization,4,1,DirectGraphNext,0.055385608609476375,0.036214590533865186,0.0072925542733110705,0.0072925542733110705,0.0
nonlinear_dynamics,nonlinear_chain_stabilization,4,10,DirectGraphNext,0.055385608609476375,0.21578430466449336,0.188315877861036,0.1837088845847558,0.0
nonlinear_dynamics,nonlinear_chain_stabilization,4,25,DirectGraphNext,0.055385608609476375,0.3114350378499724,0.3357872630496042,0.07737632965902282,0.0
nonlinear_dynamics,nonlinear_chain_stabilization,4,50,DirectGraphNext,0.055385608609476375,0.5762336677094467,0.3368151470535525,0.1343075781475573,0.0
nonlinear_dynamics,nonlinear_chain_stabilization,4,100,DirectGraphNext,0.055385608609476375,0.9923039045716036,0.3474396731782001,0.07421607992736429,0.0
nonlinear_dynamics,nonlinear_chain_stabilization,4,250,DirectGraphNext,0.055385608609476375,1.3527751859282675,0.391722775723596,0.15550798390755663,0.0
nonlinear_dynamics,nonlinear_chain_stabilization,4,500,DirectGraphNext,0.055385608609476375,1.3355887794895442,0.3981666821887489,0.14306528046843017,0.0
nonlinear_dynamics,nonlinear_chain_stabilization,4,1,GraphEuler,0.05538560867431788,0.03621459052323731,0.007292552502246953,0.007292552502246953,0.0
nonlinear_dynamics,nonlinear_chain_stabilization,4,10,GraphEuler,0.05538560867431788,0.21578430445226968,0.18831590387319597,0.18370891377449658,0.0
nonlinear_dynamics,nonlinear_chain_stabilization,4,25,GraphEuler,0.05538560867431788,0.3114350596511477,0.33578734648771125,0.07737643922988462,0.0
nonlinear_dynamics,nonlinear_chain_stabilization,4,50,GraphEuler,0.05538560867431788,0.5762336970688401,0.3368152670638564,0.1343076754329382,0.0
nonlinear_dynamics,nonlinear_chain_stabilization,4,100,GraphEuler,0.05538560867431788,0.9923039408485068,0.34743982590383676,0.07421614759073886,0.0
nonlinear_dynamics,nonlinear_chain_stabilization,4,250,GraphEuler,0.05538560867431788,1.3527754832493664,0.39172290893739414,0.1555094935027337,0.0
nonlinear_dynamics,nonlinear_chain_stabilization,4,500,GraphEuler,0.05538560867431788,1.3355894147785718,0.3981667281841676,0.14306519885460642,0.0
nonlinear_dynamics,nonlinear_chain_target,4,1,SG-PolyHam+Symp,2.214650561515669e-10,1.432496025453095e-10,5.34934880651985e-05,5.34934880651985e-05,0.0
nonlinear_dynamics,nonlinear_chain_target,4,10,SG-PolyHam+Symp,2.214650561515669e-10,1.0922116641358709e-09,0.0014250708927225117,0.0014136500850733989,0.0
nonlinear_dynamics,nonlinear_chain_target,4,25,SG-PolyHam+Symp,2.214650561515669e-10,2.171377456112232e-09,0.0015441645280448383,0.0011707142411376563,0.0
nonlinear_dynamics,nonlinear_chain_target,4,50,SG-PolyHam+Symp,2.214650561515669e-10,3.458580184719691e-09,0.001462118999086547,0.0010430663962245838,0.0
nonlinear_dynamics,nonlinear_chain_target,4,100,SG-PolyHam+Symp,2.214650561515669e-10,6.2419723416979456e-09,0.0015240691495384472,0.0009371937127878556,0.0
nonlinear_dynamics,nonlinear_chain_target,4,250,SG-PolyHam+Symp,2.214650561515669e-10,1.4729544500380889e-08,0.0013772823145510322,0.0008324653037865046,0.0
nonlinear_dynamics,nonlinear_chain_target,4,500,SG-PolyHam+Symp,2.214650561515669e-10,2.8343215065026614e-08,0.001480938005758651,0.0008939567286075853,0.0
nonlinear_dynamics,nonlinear_chain_target,4,1,DirectGraphNext,0.01914705896777357,0.012523999562254437,0.0026797194557443833,0.0026797194557443833,0.0
nonlinear_dynamics,nonlinear_chain_target,4,10,DirectGraphNext,0.01914705896777357,0.08116618402953361,0.10671147733632634,0.10370172701621572,0.0
nonlinear_dynamics,nonlinear_chain_target,4,25,DirectGraphNext,0.01914705896777357,0.10583384525987664,0.2401648319439452,0.0947433742692504,0.0
nonlinear_dynamics,nonlinear_chain_target,4,50,DirectGraphNext,0.01914705896777357,0.2084895385986573,0.24296927162164325,0.12119481960704265,0.0
nonlinear_dynamics,nonlinear_chain_target,4,100,DirectGraphNext,0.01914705896777357,0.3995633567148856,0.2539943958294045,0.0955758821723011,0.0
nonlinear_dynamics,nonlinear_chain_target,4,250,DirectGraphNext,0.01914705896777357,0.7245844384202668,0.2837925341745015,0.07052701900517926,0.0
nonlinear_dynamics,nonlinear_chain_target,4,500,DirectGraphNext,0.01914705896777357,0.7805313765643301,0.29587860185542864,0.1606744163281925,0.0
nonlinear_dynamics,nonlinear_chain_target,4,1,GraphEuler,0.019147059153052245,0.01252399952847315,0.002679717067229985,0.002679717067229985,0.0
nonlinear_dynamics,nonlinear_chain_target,4,10,GraphEuler,0.019147059153052245,0.08116618547694045,0.1067116024050128,0.1037018374898977,0.0
nonlinear_dynamics,nonlinear_chain_target,4,25,GraphEuler,0.019147059153052245,0.10583395261071445,0.2401653200589202,0.09474429763901927,0.0
nonlinear_dynamics,nonlinear_chain_target,4,50,GraphEuler,0.019147059153052245,0.20848965206170722,0.2429697241065726,0.12119649897010974,0.0
nonlinear_dynamics,nonlinear_chain_target,4,100,GraphEuler,0.019147059153052245,0.39956347879684967,0.25399508054103803,0.09557748735924376,0.0
nonlinear_dynamics,nonlinear_chain_target,4,250,GraphEuler,0.019147059153052245,0.7245850002801898,0.2837923038998271,0.07053091769978974,0.0
nonlinear_dynamics,nonlinear_chain_target,4,500,GraphEuler,0.019147059153052245,0.7805336568127901,0.29587675858029233,0.16066889733839831,0.0
